AMP_CODE,AMPHOE_T,AMPHOE_E,PROV_CODE,PROV_NAM_T,PROV_NAM_E,Region,px_type1,px_type2,px_total,area_rai_1,area_rai_2,area_rai_aban,area_rai_tot,pct_aban
01,พระนคร,Phra Nakhon,10,กรุงเทพมหานคร,Bangkok,C,0,0,6412,0.0,0.0,0.0,3606.75,0.0
02,ดุสิต,Dusit,10,กรุงเทพมหานคร,Bangkok,C,0,0,13417,0.0,0.0,0.0,7547.06,0.0
03,หนองจอก,Nong Chok,10,กรุงเทพมหานคร,Bangkok,C,319,5337,275431,179.44,3002.06,3181.5,154929.94,2.0535
04,บางรัก,Bang Rak,10,กรุงเทพมหานคร,Bangkok,C,0,0,4800,0.0,0.0,0.0,2700.0,0.0
05,บางเขน,Bang Khen,10,กรุงเทพมหานคร,Bangkok,C,0,235,47754,0.0,132.19,132.19,26861.62,0.4921
06,บางกะปิ,Bang Kapi,10,กรุงเทพมหานคร,Bangkok,C,0,0,32441,0.0,0.0,0.0,18248.06,0.0
07,ปทุมวัน,Pathum Wan,10,กรุงเทพมหานคร,Bangkok,C,0,0,9474,0.0,0.0,0.0,5329.12,0.0
08,ป้อมปราบศัตรูพ่าย,Pom Prap Sattru Phai,10,กรุงเทพมหานคร,Bangkok,C,0,0,3034,0.0,0.0,0.0,1706.62,0.0
09,พระโขนง,Phra Khanong,10,กรุงเทพมหานคร,Bangkok,C,0,0,15319,0.0,0.0,0.0,8616.94,0.0
10,มีนบุรี,Min Buri,10,กรุงเทพมหานคร,Bangkok,C,42,502,70661,23.62,282.38,306.0,39746.81,0.7699
11,ลาดกระบัง,Lat Krabang,10,กรุงเทพมหานคร,Bangkok,C,144,855,148835,81.0,480.94,561.94,83719.69,0.6712
12,ยานนาวา,Yan Nawa,10,กรุงเทพมหานคร,Bangkok,C,0,0,14449,0.0,0.0,0.0,8127.56,0.0
13,สัมพันธวงศ์,Samphanthawong,10,กรุงเทพมหานคร,Bangkok,C,0,0,1734,0.0,0.0,0.0,975.38,0.0
14,พญาไท,Phaya Thai,10,กรุงเทพมหานคร,Bangkok,C,0,0,10875,0.0,0.0,0.0,6117.19,0.0
15,ธนบุรี,Thon Buri,10,กรุงเทพมหานคร,Bangkok,C,0,0,9732,0.0,0.0,0.0,5474.25,0.0
16,บางกอกใหญ่,Bangkok Yai,10,กรุงเทพมหานคร,Bangkok,C,0,0,7410,0.0,0.0,0.0,4168.12,0.0
17,ห้วยขวาง,Huai Khwang,10,กรุงเทพมหานคร,Bangkok,C,0,0,19115,0.0,0.0,0.0,10752.19,0.0
18,คลองสาน,Khlong San,10,กรุงเทพมหานคร,Bangkok,C,0,0,7100,0.0,0.0,0.0,3993.75,0.0
19,ตลิ่งชัน,Taling Chan,10,กรุงเทพมหานคร,Bangkok,C,0,0,41528,0.0,0.0,0.0,23359.5,0.0
20,บางกอกน้อย,Bangkok Noi,10,กรุงเทพมหานคร,Bangkok,C,0,0,14569,0.0,0.0,0.0,8195.06,0.0
21,บางขุนเทียน,Bang Khun Thian,10,กรุงเทพมหานคร,Bangkok,C,0,310,142235,0.0,174.38,174.38,80007.19,0.2179
22,ภาษีเจริญ,Phasi Charoen,10,กรุงเทพมหานคร,Bangkok,C,0,0,22365,0.0,0.0,0.0,12580.31,0.0
23,หนองแขม,Nong Khaem,10,กรุงเทพมหานคร,Bangkok,C,0,0,42451,0.0,0.0,0.0,23878.69,0.0
24,ราษฎร์บูรณะ,Rat Burana,10,กรุงเทพมหานคร,Bangkok,C,0,0,15016,0.0,0.0,0.0,8446.5,0.0
25,บางพลัด,Bang Phlat,10,กรุงเทพมหานคร,Bangkok,C,0,0,13896,0.0,0.0,0.0,7816.5,0.0
26,ดินแดง,Din Daeng,10,กรุงเทพมหานคร,Bangkok,C,0,0,10035,0.0,0.0,0.0,5644.69,0.0
27,บึงกุ่ม,Bueng Kum,10,กรุงเทพมหานคร,Bangkok,C,0,12,27287,0.0,6.75,6.75,15348.94,0.044
28,สาทร,Sathon,10,กรุงเทพมหานคร,Bangkok,C,0,0,8663,0.0,0.0,0.0,4872.94,0.0
29,บางซื่อ,Bang Sue,10,กรุงเทพมหานคร,Bangkok,C,0,0,15369,0.0,0.0,0.0,8645.06,0.0
30,จตุจักร,Chatuchak,10,กรุงเทพมหานคร,Bangkok,C,0,0,37888,0.0,0.0,0.0,21312.0,0.0
31,บางคอแหลม,Bang Kho Laem,10,กรุงเทพมหานคร,Bangkok,C,0,0,10056,0.0,0.0,0.0,5656.5,0.0
32,ประเวศ,Prawet,10,กรุงเทพมหานคร,Bangkok,C,21,128,62633,11.81,72.0,83.81,35231.06,0.2379
33,คลองเตย,Khlong Toei,10,กรุงเทพมหานคร,Bangkok,C,0,0,16232,0.0,0.0,0.0,9130.5,0.0
34,สวนหลวง,Suan Luang,10,กรุงเทพมหานคร,Bangkok,C,0,0,28564,0.0,0.0,0.0,16067.25,0.0
35,จอมทอง,Chom Thong,10,กรุงเทพมหานคร,Bangkok,C,0,0,27646,0.0,0.0,0.0,15550.88,0.0
36,ดอนเมือง,Don Mueang,10,กรุงเทพมหานคร,Bangkok,C,48,981,42984,27.0,551.81,578.81,24178.5,2.3939
37,ราชเทวี,Ratchathewi,10,กรุงเทพมหานคร,Bangkok,C,0,0,8559,0.0,0.0,0.0,4814.44,0.0
38,ลาดพร้าว,Lat Phrao,10,กรุงเทพมหานคร,Bangkok,C,66,245,24929,37.12,137.81,174.94,14022.56,1.2475
39,วัฒนา,Watthana,10,กรุงเทพมหานคร,Bangkok,C,0,0,15170,0.0,0.0,0.0,8533.12,0.0
40,บางแค,Bang Khae,10,กรุงเทพมหานคร,Bangkok,C,0,38,55736,0.0,21.38,21.38,31351.5,0.0682
41,หลักสี่,Lak Si,10,กรุงเทพมหานคร,Bangkok,C,0,0,26531,0.0,0.0,0.0,14923.69,0.0
42,สายไหม,Sai Mai,10,กรุงเทพมหานคร,Bangkok,C,65,55,50745,36.56,30.94,67.5,28544.06,0.2365
43,คันนายาว,Khan Na Yao,10,กรุงเทพมหานคร,Bangkok,C,0,37,30140,0.0,20.81,20.81,16953.75,0.1228
44,สะพานสูง,Saphan Sung,10,กรุงเทพมหานคร,Bangkok,C,0,0,32540,0.0,0.0,0.0,18303.75,0.0
45,วังทองหลาง,Wang Thonglang,10,กรุงเทพมหานคร,Bangkok,C,0,0,20144,0.0,0.0,0.0,11331.0,0.0
46,คลองสามวา,Khlong Sam Wa,10,กรุงเทพมหานคร,Bangkok,C,81,614,133182,45.56,345.38,390.94,74914.88,0.5218
47,บางนา,Bang Na,10,กรุงเทพมหานคร,Bangkok,C,0,0,22189,0.0,0.0,0.0,12481.31,0.0
48,ทวีวัฒนา,Thawi Watthana,10,กรุงเทพมหานคร,Bangkok,C,0,71,58332,0.0,39.94,39.94,32811.75,0.1217
49,ทุ่งครุ,Thung Khru,10,กรุงเทพมหานคร,Bangkok,C,23,74,37578,12.94,41.62,54.56,21137.62,0.2581
50,บางบอน,Bang Bon,10,กรุงเทพมหานคร,Bangkok,C,0,0,39607,0.0,0.0,0.0,22278.94,0.0
01,เมืองสมุทรปราการ,Mueang Samut prakarn,11,สมุทรปราการ,Samut Prakarn,C,314,774,180854,176.62,435.38,612.0,101730.38,0.6016
02,บางบ่อ,Bang Bo,11,สมุทรปราการ,Samut Prakarn,C,522,3027,263651,293.62,1702.69,1996.31,148303.69,1.3461
03,บางพลี,Bang Phi,11,สมุทรปราการ,Samut Prakarn,C,2255,3638,272906,1268.44,2046.38,3314.81,153509.62,2.1594
04,พระประแดง,Phra Pradaeng,11,สมุทรปราการ,Samut Prakarn,C,0,121,68645,0.0,68.06,68.06,38612.81,0.1763
05,พระสมุทรเจดีย์,Phra Samut Chedi,11,สมุทรปราการ,Samut Prakarn,C,0,37,181182,0.0,20.81,20.81,101914.88,0.0204
06,บางเสาธง,Bang Sao Thong,11,สมุทรปราการ,Samut Prakarn,C,210,2144,133906,118.12,1206.0,1324.12,75322.12,1.7579
01,เมืองนนทบุรี,Mueang Nontaburi,12,นนทบุรี,Nonthaburi,C,0,0,86020,0.0,0.0,0.0,48386.25,0.0
02,บางกรวย,Bang Krui,12,นนทบุรี,Nonthaburi,C,23,0,63563,12.94,0.0,12.94,35754.19,0.0362
03,บางใหญ่,Bang Yai,12,นนทบุรี,Nonthaburi,C,44,75,109618,24.75,42.19,66.94,61660.12,0.1086
04,บางบัวทอง,Bang Bua Thong,12,นนทบุรี,Nonthaburi,C,127,113,137336,71.44,63.56,135.0,77251.5,0.1748
05,ไทรน้อย,Sai Noi,12,นนทบุรี,Nonthaburi,C,94,324,233923,52.88,182.25,235.12,131581.69,0.1787
06,ปากเกร็ด,Pak Kret,12,นนทบุรี,Nonthaburi,C,105,52,111091,59.06,29.25,88.31,62488.69,0.1413
01,เมืองปทุมธานี,Mueang Pathum Thani,13,ปทุมธานี,Pathum Thani,C,70,577,167467,39.38,324.56,363.94,94200.19,0.3863
02,คลองหลวง,khlong Luang,13,ปทุมธานี,Pathum Thani,C,390,3481,352544,219.38,1958.06,2177.44,198306.0,1.098
03,ธัญบุรี,Thanyaburi,13,ปทุมธานี,Pathum Thani,C,176,1907,130224,99.0,1072.69,1171.69,73251.0,1.5996
04,หนองเสือ,Nong Sua,13,ปทุมธานี,Pathum Thani,C,370,9005,394643,208.12,5065.31,5273.44,221986.69,2.3756
05,ลาดหลุมแก้ว,Lat Lum Kaew,13,ปทุมธานี,Pathum Thani,C,196,464,225117,110.25,261.0,371.25,126628.31,0.2932
06,ลำลูกกา,Lum Lukka,13,ปทุมธานี,Pathum Thani,C,213,2133,349557,119.81,1199.81,1319.62,196625.81,0.6711
07,สามโคก,Sam Khok,13,ปทุมธานี,Pathum Thani,C,170,645,139840,95.62,362.81,458.44,78660.0,0.5828
01,พระนครศรีอยุธยา,Phra Nakhon Si Ayudhya,14,พระนครศรีอยุธยา,Phra Nakhon Si Ayudhya,C,2297,885,137365,1292.06,497.81,1789.88,77267.81,2.3165
02,ท่าเรือ,Tharua,14,พระนครศรีอยุธยา,Phra Nakhon Si Ayudhya,C,59,205,128376,33.19,115.31,148.5,72211.5,0.2056
03,นครหลวง,Nakhon Luang,14,พระนครศรีอยุธยา,Phra Nakhon Si Ayudhya,C,3002,1646,160903,1688.62,925.88,2614.5,90507.94,2.8887
04,บางไทร,Bang Chai,14,พระนครศรีอยุธยา,Phra Nakhon Si Ayudhya,C,489,1570,289495,275.06,883.12,1158.19,162840.94,0.7112
05,บางบาล,Bang Ban,14,พระนครศรีอยุธยา,Phra Nakhon Si Ayudhya,C,1420,876,159006,798.75,492.75,1291.5,89440.88,1.444
06,บางปะอิน,Bang Pa-in,14,พระนครศรีอยุธยา,Phra Nakhon Si Ayudhya,C,4503,4701,274476,2532.94,2644.31,5177.25,154392.75,3.3533
07,บางปะหัน,Bang Pahan,14,พระนครศรีอยุธยา,Phra Nakhon Si Ayudhya,C,5957,1545,152411,3350.81,869.06,4219.88,85731.19,4.9222
08,ผักไห่,Phak Hai,14,พระนครศรีอยุธยา,Phra Nakhon Si Ayudhya,C,662,627,202818,372.38,352.69,725.06,114085.12,0.6355
09,ภาชี,Phachi,14,พระนครศรีอยุธยา,Phra Nakhon Si Ayudhya,C,675,1317,139283,379.69,740.81,1120.5,78346.69,1.4302
10,ลาดบัวหลวง,Lat Bua Luang,14,พระนครศรีอยุธยา,Phra Nakhon Si Ayudhya,C,32,287,227759,18.0,161.44,179.44,128114.44,0.1401
11,วังน้อย,Wang Noi,14,พระนครศรีอยุธยา,Phra Nakhon Si Ayudhya,C,2183,7661,270719,1227.94,4309.31,5537.25,152279.44,3.6362
12,เสนา,Sena,14,พระนครศรีอยุธยา,Phra Nakhon Si Ayudhya,C,221,155,249942,124.31,87.19,211.5,140592.38,0.1504
13,บางซ้าย,Bang Sai,14,พระนครศรีอยุธยา,Phra Nakhon Si Ayudhya,C,224,2798,191648,126.0,1573.88,1699.88,107802.0,1.5768
14,อุทัย,Uthai,14,พระนครศรีอยุธยา,Phra Nakhon Si Ayudhya,C,2655,1468,198752,1493.44,825.75,2319.19,111798.0,2.0744
15,มหาราช,Maharat,14,พระนครศรีอยุธยา,Phra Nakhon Si Ayudhya,C,1250,823,126979,703.12,462.94,1166.06,71425.69,1.6326
16,บ้านแพรก,Ban Phreak,14,พระนครศรีอยุธยา,Phra Nakhon Si Ayudhya,C,258,39,51822,145.12,21.94,167.06,29149.88,0.5731
01,เมืองอ่างทอง,Mueang Ang Thong,15,อ่างทอง,Ang Thong,C,2392,1188,131452,1345.5,668.25,2013.75,73941.75,2.7234
02,ไชโย,Chai Yo,15,อ่างทอง,Ang Thong,C,362,225,84543,203.62,126.56,330.19,47555.44,0.6943
03,ป่าโมก,Pa Mok,15,อ่างทอง,Ang Thong,C,2388,1680,93304,1343.25,945.0,2288.25,52483.5,4.3599
04,โพธิ์ทอง,Pho Thong,15,อ่างทอง,Ang Thong,C,269,133,235042,151.31,74.81,226.12,132211.12,0.171
05,แสวงหา,Saweangha,15,อ่างทอง,Ang Thong,C,207,105,183693,116.44,59.06,175.5,103327.31,0.1698
06,วิเศษชัยชาญ,Wiset Chai Chan,15,อ่างทอง,Ang Thong,C,124,416,276073,69.75,234.0,303.75,155291.06,0.1956
07,สามโก้,Samko,15,อ่างทอง,Ang Thong,C,16,0,103427,9.0,0.0,9.0,58177.69,0.0155
01,เมืองลพบุรี,Mueang Lopburi,16,ลพบุรี,Lopburi,C,2402,3697,880315,1351.12,2079.56,3430.69,495177.19,0.6928
02,พัฒนานิคม,Phatthana Nikom,16,ลพบุรี,Lopburi,C,615,1896,1001452,345.94,1066.5,1412.44,563316.75,0.2507
03,โคกสำโรง,Kok Sumrong,16,ลพบุรี,Lopburi,C,168,1072,818885,94.5,603.0,697.5,460622.81,0.1514
04,ชัยบาดาล,Chai Badan,16,ลพบุรี,Lopburi,C,2580,989,1318247,1451.25,556.31,2007.56,741513.94,0.2707
05,ท่าวุ้ง,Tha Wung,16,ลพบุรี,Lopburi,C,311,169,293979,174.94,95.06,270.0,165363.19,0.1633
06,บ้านหมี่,Ban Mi,16,ลพบุรี,Lopburi,C,178,224,632148,100.12,126.0,226.12,355583.25,0.0636
07,ท่าหลวง,Tha Luang,16,ลพบุรี,Lopburi,C,195,214,463993,109.69,120.38,230.06,260996.06,0.0881
08,สระโบสถ์,Sa Bot,16,ลพบุรี,Lopburi,C,54,119,375556,30.38,66.94,97.31,211250.25,0.0461
09,โคกเจริญ,Kok Charoen,16,ลพบุรี,Lopburi,C,968,231,611595,544.5,129.94,674.44,344022.19,0.196
10,ลำสนธิ,lam Son Thi,16,ลพบุรี,Lopburi,C,721,848,622671,405.56,477.0,882.56,350252.44,0.252
11,หนองม่วง,Nong Muang,16,ลพบุรี,Lopburi,C,665,110,529950,374.06,61.88,435.94,298096.88,0.1462
01,เมืองสิงห์บุรี,Mueang Singburi,17,สิงห์บุรี,Singburi,C,191,134,149462,107.44,75.38,182.81,84072.38,0.2174
02,บางระจัน,bang Rachan,17,สิงห์บุรี,Singburi,C,9,11,218894,5.06,6.19,11.25,123127.88,0.0091
03,ค่ายบางระจัน,Khai Bang Rachan,17,สิงห์บุรี,Singburi,C,0,17,127246,0.0,9.56,9.56,71575.88,0.0134
04,พรหมบุรี,Phromburi,17,สิงห์บุรี,Singburi,C,216,168,97953,121.5,94.5,216.0,55098.56,0.392
05,ท่าช้าง,Tha Chang,17,สิงห์บุรี,Singburi,C,0,19,49082,0.0,10.69,10.69,27608.62,0.0387
06,อินทร์บุรี,Inburi,17,สิงห์บุรี,Singburi,C,119,189,310919,66.94,106.31,173.25,174891.94,0.0991
01,เมืองชัยนาท,Mueang Chainat,18,ชัยนาท,Chainat,C,365,455,328866,205.31,255.94,461.25,184987.12,0.2493
02,มโนรมย์,Manorom,18,ชัยนาท,Chainat,C,135,577,297923,75.94,324.56,400.5,167581.69,0.239
03,วัดสิงห์,Watsing,18,ชัยนาท,Chainat,C,301,715,324064,169.31,402.19,571.5,182286.0,0.3135
04,สรรพยา,Sanphaya,18,ชัยนาท,Chainat,C,20,132,258755,11.25,74.25,85.5,145549.69,0.0587
05,สรรคบุรี,Sankhaburi,18,ชัยนาท,Chainat,C,0,31,398645,0.0,17.44,17.44,224237.81,0.0078
06,หันคา,Hanka,18,ชัยนาท,Chainat,C,448,600,635394,252.0,337.5,589.5,357409.12,0.1649
07,หนองมะโมง,Nong Ma Mong,18,ชัยนาท,Chainat,C,201,1224,356254,113.06,688.5,801.56,200392.88,0.4
08,เนินขาม,Noen Kham,18,ชัยนาท,Chainat,C,318,261,319795,178.88,146.81,325.69,179884.69,0.1811
01,เมืองสระบุรี,Mueang Saraburi,19,สระบุรี,Saraburi,C,565,1620,210277,317.81,911.25,1229.06,118280.81,1.0391
02,แก่งคอย,Kengkoi,19,สระบุรี,Saraburi,C,1848,4595,892758,1039.5,2584.69,3624.19,502176.38,0.7217
03,หนองแค,NongKhae,19,สระบุรี,Saraburi,C,1098,3235,358159,617.62,1819.69,2437.31,201464.44,1.2098
04,วิหารแดง,Wihan Daeng,19,สระบุรี,Saraburi,C,490,6268,214332,275.62,3525.75,3801.38,120561.75,3.1531
05,หนองแซง,Nong Saeng,19,สระบุรี,Saraburi,C,86,55,100125,48.38,30.94,79.31,56320.31,0.1408
06,บ้านหมอ,Ban Mor,19,สระบุรี,Saraburi,C,381,785,181432,214.31,441.56,655.88,102055.5,0.6427
07,ดอนพุด,Donput,19,สระบุรี,Saraburi,C,263,172,66872,147.94,96.75,244.69,37615.5,0.6505
08,หนองโดน,Nong Done,19,สระบุรี,Saraburi,C,195,1059,113894,109.69,595.69,705.38,64065.38,1.101
09,พระพุทธบาท,Phraputthabath,19,สระบุรี,Saraburi,C,668,1412,301306,375.75,794.25,1170.0,169484.62,0.6903
10,เสาไห้,Sao Hai,19,สระบุรี,Saraburi,C,316,244,138489,177.75,137.25,315.0,77900.06,0.4044
11,มวกเหล็ก,Muak Lek,19,สระบุรี,Saraburi,C,1200,3379,963830,675.0,1900.69,2575.69,542154.38,0.4751
12,วังม่วง,Wang Muang,19,สระบุรี,Saraburi,C,181,218,321558,101.81,122.62,224.44,180876.38,0.1241
13,เฉลิมพระเกียรติ,Chaloem Phra kiat,19,สระบุรี,Saraburi,C,139,142,203766,78.19,79.88,158.06,114618.38,0.1379
01,เมืองชลบุรี,Mueang Chonburi,20,ชลบุรี,Chonburi,E,27,200,297488,15.19,112.5,127.69,167337.0,0.0763
02,บ้านบึง,Ban Bung,20,ชลบุรี,Chonburi,E,1140,2280,683618,641.25,1282.5,1923.75,384535.12,0.5003
03,หนองใหญ่,Nong Yai,20,ชลบุรี,Chonburi,E,607,235,525757,341.44,132.19,473.62,295738.31,0.1602
04,บางละมุง,Bang La Mung,20,ชลบุรี,Chonburi,E,140,390,617319,78.75,219.38,298.12,347241.94,0.0859
05,พานทอง,Phan Thong,20,ชลบุรี,Chonburi,E,90,1225,192477,50.62,689.06,739.69,108268.31,0.6832
06,พนัสนิคม,Panusnikom,20,ชลบุรี,Chonburi,E,633,920,554298,356.06,517.5,873.56,311792.62,0.2802
07,ศรีราชา,Siracha,20,ชลบุรี,Chonburi,E,608,647,693108,342.0,363.94,705.94,389873.25,0.1811
08,เกาะสีชัง,Ko Sichang,20,ชลบุรี,Chonburi,E,21,0,7771,11.81,0.0,11.81,4371.19,0.2702
09,สัตหีบ,Sattahip,20,ชลบุรี,Chonburi,E,67,127,333116,37.69,71.44,109.12,187377.75,0.0582
10,บ่อทอง,Borthong,20,ชลบุรี,Chonburi,E,1400,1069,958807,787.5,601.31,1388.81,539328.94,0.2575
11,เกาะจันทร์,Ko Jan,20,ชลบุรี,Chonburi,E,1481,1530,311143,833.06,860.62,1693.69,175017.94,0.9677
01,เมืองระยอง,Mueang Rayong,21,ระยอง,Rayong,E,79,289,780684,44.44,162.56,207.0,439134.75,0.0471
02,บ้านฉาง,BanChang,21,ระยอง,Rayong,E,55,738,188233,30.94,415.12,446.06,105881.06,0.4213
03,แกลง,Klang,21,ระยอง,Rayong,E,87,841,841944,48.94,473.06,522.0,473593.5,0.1102
04,วังจันทร์,Wangjun,21,ระยอง,Rayong,E,332,109,430518,186.75,61.31,248.06,242166.38,0.1024
05,บ้านค่าย,Bankhai,21,ระยอง,Rayong,E,182,256,546946,102.38,144.0,246.38,307657.12,0.0801
06,ปลวกแดง,Pluagdeang,21,ระยอง,Rayong,E,868,827,636192,488.25,465.19,953.44,357858.0,0.2664
07,เขาชะเมา,Khao Chamao,21,ระยอง,Rayong,E,177,105,549870,99.56,59.06,158.62,309301.88,0.0513
08,นิคมพัฒนา,Nikom Pattana,21,ระยอง,Rayong,E,0,51,274151,0.0,28.69,28.69,154209.94,0.0186
01,เมืองจันทบุรี,Mueang Chanthaburi,22,จันทบุรี,Chanthaburi,E,93,515,325193,52.31,289.69,342.0,182921.06,0.187
02,ขลุง,Khlung,22,จันทบุรี,Chanthaburi,E,22,1793,903119,12.38,1008.56,1020.94,508004.44,0.201
03,ท่าใหม่,Thamai,22,จันทบุรี,Chanthaburi,E,54,838,720221,30.38,471.38,501.75,405124.31,0.1239
04,โป่งน้ำร้อน,Pong Nam Ron,22,จันทบุรี,Chanthaburi,E,3523,1156,1167789,1981.69,650.25,2631.94,656881.31,0.4007
05,มะขาม,Makham,22,จันทบุรี,Chanthaburi,E,146,1256,511504,82.12,706.5,788.62,287721.0,0.2741
06,แหลมสิงห์,Laem Sing,22,จันทบุรี,Chanthaburi,E,153,1165,198410,86.06,655.31,741.38,111605.62,0.6643
07,สอยดาว,Soi Dao,22,จันทบุรี,Chanthaburi,E,5199,426,922862,2924.44,239.62,3164.06,519109.88,0.6095
08,แก่งหางแมว,Kaeng Hang Maeo,22,จันทบุรี,Chanthaburi,E,919,1001,1398365,516.94,563.06,1080.0,786580.31,0.1373
09,นายายอาม,Na Yaiarm,22,จันทบุรี,Chanthaburi,E,65,401,330282,36.56,225.56,262.12,185783.62,0.1411
10,เขาคิชฌกูฏ,Khao Khitchakut,22,จันทบุรี,Chanthaburi,E,1142,380,897978,642.38,213.75,856.12,505112.62,0.1695
01,เมืองตราด,Mueang Trat,23,ตราด,Trat,E,410,4748,1086219,230.62,2670.75,2901.38,610998.19,0.4749
02,คลองใหญ่,Khlong Yai,23,ตราด,Trat,E,0,0,85400,0.0,0.0,0.0,48037.5,0.0
03,เขาสมิง,Khoa Saming,23,ตราด,Trat,E,113,746,746571,63.56,419.62,483.19,419946.19,0.1151
04,บ่อไร่,Bo Rai,23,ตราด,Trat,E,36,355,778178,20.25,199.69,219.94,437725.12,0.0502
05,แหลมงอบ,Laem Ngop,23,ตราด,Trat,E,9,162,192028,5.06,91.12,96.19,108015.75,0.089
06,เกาะกูด,Ko Kut,23,ตราด,Trat,E,0,78,152186,0.0,43.88,43.88,85604.62,0.0513
07,เกาะช้าง,Ko Chang,23,ตราด,Trat,E,0,0,252436,0.0,0.0,0.0,141995.25,0.0
01,เมืองฉะเชิงเทรา,Mueang Chachoengsao,24,ฉะเชิงเทรา,Chachoengsao,E,221,407,444787,124.31,228.94,353.25,250192.69,0.1412
02,บางคล้า,Bang Khla,24,ฉะเชิงเทรา,Chachoengsao,E,121,806,273419,68.06,453.38,521.44,153798.19,0.339
03,บางน้ำเปรี้ยว,Bang Nam Pieo,24,ฉะเชิงเทรา,Chachoengsao,E,69,86,573849,38.81,48.38,87.19,322790.06,0.027
04,บางปะกง,Bang Pakong,24,ฉะเชิงเทรา,Chachoengsao,E,56,1225,301239,31.5,689.06,720.56,169446.94,0.4252
05,บ้านโพธิ์,Ban Phoe,24,ฉะเชิงเทรา,Chachoengsao,E,57,806,245114,32.06,453.38,485.44,137876.62,0.3521
06,พนมสารคาม,Phanom Sarakham,24,ฉะเชิงเทรา,Chachoengsao,E,366,1559,590165,205.88,876.94,1082.81,331967.81,0.3262
07,ราชสาส์น,Ratchasan,24,ฉะเชิงเทรา,Chachoengsao,E,61,234,168034,34.31,131.62,165.94,94519.12,0.1756
08,สนามชัยเขต,Sanam Chaikhet,24,ฉะเชิงเทรา,Chachoengsao,E,836,724,1229660,470.25,407.25,877.5,691683.75,0.1269
09,แปลงยาว,Plaeng Yao,24,ฉะเชิงเทรา,Chachoengsao,E,281,807,379009,158.06,453.94,612.0,213192.56,0.2871
10,ท่าตะเกียบ,Tha Takiap,24,ฉะเชิงเทรา,Chachoengsao,E,659,1056,1636413,370.69,594.0,964.69,920482.31,0.1048
11,คลองเขื่อน,Khong Khuain,24,ฉะเชิงเทรา,Chachoengsao,E,88,143,124640,49.5,80.44,129.94,70110.0,0.1853
01,เมืองปราจีนบุรี,Mueang Prachinburi,25,ปราจีนบุรี,Prachinburi,E,532,3379,548555,299.25,1900.69,2199.94,308562.19,0.713
02,กบินทร์บุรี,Kabinburi,25,ปราจีนบุรี,Prachinburi,E,2757,5890,1619707,1550.81,3313.12,4863.94,911085.19,0.5339
03,นาดี,Nadi,25,ปราจีนบุรี,Prachinburi,E,617,4887,1391438,347.06,2748.94,3096.0,782683.88,0.3956
06,บ้านสร้าง,Ban Sang,25,ปราจีนบุรี,Prachinburi,E,250,370,437943,140.62,208.12,348.75,246342.94,0.1416
07,ประจันตคาม,Prachantakham,25,ปราจีนบุรี,Prachinburi,E,647,4341,1095337,363.94,2441.81,2805.75,616127.06,0.4554
08,ศรีมหาโพธิ,Srimahapho,25,ปราจีนบุรี,Prachinburi,E,1007,3004,556235,566.44,1689.75,2256.19,312882.19,0.7211
09,ศรีมโหสถ,Sri Mahosoit,25,ปราจีนบุรี,Prachinburi,E,107,854,158280,60.19,480.38,540.56,89032.5,0.6072
01,เมืองนครนายก,Mueang Nakhon Nayok,26,นครนายก,Nakhon Nayok,C,3912,6038,944906,2200.5,3396.38,5596.88,531509.62,1.053
02,ปากพลี,Pakphli,26,นครนายก,Nakhon Nayok,C,1003,2415,510436,564.19,1358.44,1922.62,287120.25,0.6696
03,บ้านนา,Banna,26,นครนายก,Nakhon Nayok,C,2498,10826,420495,1405.12,6089.62,7494.75,236528.44,3.1686
04,องครักษ์,Ongkhalak,26,นครนายก,Nakhon Nayok,C,4640,25654,604054,2610.0,14430.38,17040.38,339780.38,5.0151
01,เมืองสระแก้ว,Mueang Srakaeo,27,สระแก้ว,Srakaeo,E,828,1600,1607716,465.75,900.0,1365.75,904340.25,0.151
02,คลองหาด,Khlong Hat,27,สระแก้ว,Srakaeo,E,532,375,559702,299.25,210.94,510.19,314832.38,0.1621
03,ตาพระยา,Taphaya,27,สระแก้ว,Srakaeo,E,177,425,1117449,99.56,239.06,338.62,628565.06,0.0539
04,วังน้ำเย็น,Wang Nam Yen,27,สระแก้ว,Srakaeo,E,1123,1195,498153,631.69,672.19,1303.88,280211.06,0.4653
05,วัฒนานคร,Wattana Nakhon,27,สระแก้ว,Srakaeo,E,893,2306,1741352,502.31,1297.12,1799.44,979510.5,0.1837
06,อรัญประเทศ,Aranyaprathet,27,สระแก้ว,Srakaeo,E,249,689,845354,140.06,387.56,527.62,475511.62,0.111
07,เขาฉกรรจ์,Khao Chakan,27,สระแก้ว,Srakaeo,E,258,639,534753,145.12,359.44,504.56,300798.56,0.1677
08,โคกสูง,Khoksung,27,สระแก้ว,Srakaeo,E,60,99,393546,33.75,55.69,89.44,221369.62,0.0404
09,วังสมบูรณ์,Wang Sombun,27,สระแก้ว,Srakaeo,E,1319,648,577341,741.94,364.5,1106.44,324754.31,0.3407
01,เมืองนครราชสีมา,Mueang Nakhon Ratchasima,30,นครราชสีมา,Nakhon Ratchasima,NE,191,758,1764856,107.44,426.38,533.81,992731.5,0.0538
02,ครบุรี,Khonburi,30,นครราชสีมา,Nakhon Ratchasima,NE,252,1393,4319230,141.75,783.56,925.31,2429566.88,0.0381
03,เสิงสาง,Soeng Sang,30,นครราชสีมา,Nakhon Ratchasima,NE,126,1219,2185482,70.88,685.69,756.56,1229333.62,0.0615
04,คง,Khong,30,นครราชสีมา,Nakhon Ratchasima,NE,9,350,1508478,5.06,196.88,201.94,848518.88,0.0238
05,บ้านเหลื่อม,Ban Luam,30,นครราชสีมา,Nakhon Ratchasima,NE,0,36,522552,0.0,20.25,20.25,293935.5,0.0069
06,จักราช,Chakrat,30,นครราชสีมา,Nakhon Ratchasima,NE,48,202,1296606,27.0,113.62,140.62,729340.88,0.0193
07,โชคชัย,Chokchai,30,นครราชสีมา,Nakhon Ratchasima,NE,156,432,1259850,87.75,243.0,330.75,708665.62,0.0467
08,ด่านขุนทด,Dan Khun Thot,30,นครราชสีมา,Nakhon Ratchasima,NE,82,958,3222214,46.12,538.88,585.0,1812495.38,0.0323
09,โนนไทย,Noen Thai,30,นครราชสีมา,Nakhon Ratchasima,NE,8,263,1269436,4.5,147.94,152.44,714057.75,0.0213
10,โนนสูง,Noen Sung,30,นครราชสีมา,Nakhon Ratchasima,NE,0,251,1601360,0.0,141.19,141.19,900765.0,0.0157
11,ขามสะแกแสง,Kham Sakae Saeng,30,นครราชสีมา,Nakhon Ratchasima,NE,0,0,787834,0.0,0.0,0.0,443156.62,0.0
12,บัวใหญ่,Bua Yai,30,นครราชสีมา,Nakhon Ratchasima,NE,0,53,1169724,0.0,29.81,29.81,657969.75,0.0045
13,ประทาย,Pratay,30,นครราชสีมา,Nakhon Ratchasima,NE,0,238,1247462,0.0,133.88,133.88,701697.38,0.0191
14,ปักธงชัย,Pakthong Chai,30,นครราชสีมา,Nakhon Ratchasima,NE,260,1096,2326412,146.25,616.5,762.75,1308606.75,0.0583
15,พิมาย,Phimai,30,นครราชสีมา,Nakhon Ratchasima,NE,227,1273,2067786,127.69,716.06,843.75,1163129.62,0.0725
16,ห้วยแถลง,Huai Thalaeng,30,นครราชสีมา,Nakhon Ratchasima,NE,0,13,1238650,0.0,7.31,7.31,696740.62,0.001
17,ชุมพวง,Chum Phuang,30,นครราชสีมา,Nakhon Ratchasima,NE,0,1177,1496640,0.0,662.06,662.06,841860.0,0.0786
18,สูงเนิน,Sung Noen,30,นครราชสีมา,Nakhon Ratchasima,NE,762,1852,1768848,428.62,1041.75,1470.38,994977.0,0.1478
19,ขามทะเลสอ,Kham Thale So,30,นครราชสีมา,Nakhon Ratchasima,NE,86,195,486576,48.38,109.69,158.06,273699.0,0.0578
20,สีคิ้ว,Si Khiu,30,นครราชสีมา,Nakhon Ratchasima,NE,97,1575,2702226,54.56,885.94,940.5,1520002.12,0.0619
21,ปากช่อง,Pak Chong,30,นครราชสีมา,Nakhon Ratchasima,NE,1744,9140,4575348,981.0,5141.25,6122.25,2573633.25,0.2379
22,หนองบุญมาก,Nong Bunmak,30,นครราชสีมา,Nakhon Ratchasima,NE,54,324,1272450,30.38,182.25,212.62,715753.12,0.0297
23,แก้งสนามนาง,Khangsanamnang,30,นครราชสีมา,Nakhon Ratchasima,NE,12,0,737282,6.75,0.0,6.75,414721.12,0.0016
24,โนนแดง,Noen Dang,30,นครราชสีมา,Nakhon Ratchasima,NE,0,49,389282,0.0,27.56,27.56,218971.12,0.0126
25,วังน้ำเขียว,Wang Nam Khieo,30,นครราชสีมา,Nakhon Ratchasima,NE,592,5605,2463416,333.0,3152.81,3485.81,1385671.5,0.2516
26,เทพารักษ์,Thepharak,30,นครราชสีมา,Nakhon Ratchasima,NE,105,38,853636,59.06,21.38,80.44,480170.25,0.0168
27,เมืองยาง,Mueang Yang,30,นครราชสีมา,Nakhon Ratchasima,NE,30,357,625898,16.88,200.81,217.69,352067.62,0.0618
28,พระทองคำ,Prathongkham,30,นครราชสีมา,Nakhon Ratchasima,NE,0,169,808284,0.0,95.06,95.06,454659.75,0.0209
29,ลำทะเมนชัย,Lamtaman Chai,30,นครราชสีมา,Nakhon Ratchasima,NE,0,330,616550,0.0,185.62,185.62,346809.38,0.0535
30,บัวลาย,Bua Lai,30,นครราชสีมา,Nakhon Ratchasima,NE,0,57,410566,0.0,32.06,32.06,230943.38,0.0139
31,สีดา,Sida,30,นครราชสีมา,Nakhon Ratchasima,NE,0,96,425616,0.0,54.0,54.0,239409.0,0.0226
32,เฉลิมพระเกียรติ,Chaloem Phra kiat,30,นครราชสีมา,Nakhon Ratchasima,NE,100,201,654554,56.25,113.06,169.31,368186.62,0.046
01,เมืองบุรีรัมย์,Mueang Burirum,31,บุรีรัมย์,Burirum,NE,0,12,1934702,0.0,6.75,6.75,1088269.88,0.0006
02,คูเมือง,Khu Muang,31,บุรีรัมย์,Burirum,NE,16,634,1020088,9.0,356.62,365.62,573799.5,0.0637
03,กระสัง,Krasang,31,บุรีรัมย์,Burirum,NE,0,113,1443792,0.0,63.56,63.56,812133.0,0.0078
04,นางรอง,Nangrong,31,บุรีรัมย์,Burirum,NE,34,172,1762048,19.12,96.75,115.88,991152.0,0.0117
05,หนองกี่,Nongki,31,บุรีรัมย์,Burirum,NE,23,76,1029512,12.94,42.75,55.69,579100.5,0.0096
06,ละหานทราย,Lahansai,31,บุรีรัมย์,Burirum,NE,293,914,1578020,164.81,514.12,678.94,887636.25,0.0765
07,ประโคนชัย,Prakhonchai,31,บุรีรัมย์,Burirum,NE,0,36,1934312,0.0,20.25,20.25,1088050.5,0.0019
08,บ้านกรวด,Bankruat,31,บุรีรัมย์,Burirum,NE,107,177,1284242,60.19,99.56,159.75,722386.12,0.0221
09,พุทไธสง,Phutthaisong,31,บุรีรัมย์,Burirum,NE,10,764,730756,5.62,429.75,435.38,411050.25,0.1059
10,ลำปลายมาศ,Lam Plai Mat,31,บุรีรัมย์,Burirum,NE,29,324,1908168,16.31,182.25,198.56,1073344.5,0.0185
11,สตึก,Satuk,31,บุรีรัมย์,Burirum,NE,112,715,1434734,63.0,402.19,465.19,807037.88,0.0576
12,ปะคำ,Pakham,31,บุรีรัมย์,Burirum,NE,0,727,811474,0.0,408.94,408.94,456454.12,0.0896
13,นาโพธิ์,Na Pho,31,บุรีรัมย์,Burirum,NE,0,68,490880,0.0,38.25,38.25,276120.0,0.0139
14,หนองหงส์,Nong Hong,31,บุรีรัมย์,Burirum,NE,0,0,727002,0.0,0.0,0.0,408938.62,0.0
15,พลับพลาชัย,Phapphachai,31,บุรีรัมย์,Burirum,NE,0,0,600574,0.0,0.0,0.0,337822.88,0.0
16,ห้วยราช,Huai Rat,31,บุรีรัมย์,Burirum,NE,0,0,409110,0.0,0.0,0.0,230124.38,0.0
17,โนนสุวรรณ,Non Suwan,31,บุรีรัมย์,Burirum,NE,0,26,461774,0.0,14.62,14.62,259747.88,0.0056
18,ชำนิ,Chamni,31,บุรีรัมย์,Burirum,NE,20,200,555976,11.25,112.5,123.75,312736.5,0.0396
19,บ้านใหม่ไชยพจน์,Ban Mai Chaiphot,31,บุรีรัมย์,Burirum,NE,0,104,406104,0.0,58.5,58.5,228433.5,0.0256
20,โนนดินแดง,Non Dindaeng,31,บุรีรัมย์,Burirum,NE,449,9722,1269800,252.56,5468.62,5721.19,714262.5,0.801
21,บ้านด่าน,Ban Dan,31,บุรีรัมย์,Burirum,NE,0,0,395658,0.0,0.0,0.0,222557.62,0.0
22,แคนดง,Khaendong,31,บุรีรัมย์,Burirum,NE,23,1114,598374,12.94,626.62,639.56,336585.38,0.19
23,เฉลิมพระเกียรติ,Chaloem Phra kiat,31,บุรีรัมย์,Burirum,NE,0,0,549460,0.0,0.0,0.0,309071.25,0.0
01,เมืองสุรินทร์,Mueang Surin,32,สุรินทร์,Surin,NE,82,310,2533840,46.12,174.38,220.5,1425285.0,0.0155
02,ชุมพลบุรี,Chumphon Buri,32,สุรินทร์,Surin,NE,64,1825,1524822,36.0,1026.56,1062.56,857712.38,0.1239
03,ท่าตูม,Thatum,32,สุรินทร์,Surin,NE,53,1397,1690178,29.81,785.81,815.62,950725.12,0.0858
04,จอมพระ,Chomphra,32,สุรินทร์,Surin,NE,0,0,766050,0.0,0.0,0.0,430903.12,0.0
05,ปราสาท,Prasat,32,สุรินทร์,Surin,NE,10,89,2259784,5.62,50.06,55.69,1271128.5,0.0044
06,กาบเชิง,Kapchoeng,32,สุรินทร์,Surin,NE,31,317,1320746,17.44,178.31,195.75,742919.62,0.0263
07,รัตนบุรี,Ratanaburi,32,สุรินทร์,Surin,NE,25,316,1328512,14.06,177.75,191.81,747288.0,0.0257
08,สนม,Sanom,32,สุรินทร์,Surin,NE,0,38,496450,0.0,21.38,21.38,279253.12,0.0077
09,ศีขรภูมิ,Srikhoraphum,32,สุรินทร์,Surin,NE,94,250,1686714,52.88,140.62,193.5,948776.62,0.0204
10,สังขะ,Sangkha,32,สุรินทร์,Surin,NE,107,579,2284212,60.19,325.69,385.88,1284869.25,0.03
11,ลำดวน,Lamduan,32,สุรินทร์,Surin,NE,0,108,504806,0.0,60.75,60.75,283953.38,0.0214
12,สำโรงทาบ,Samrongtap,32,สุรินทร์,Surin,NE,0,98,645938,0.0,55.12,55.12,363340.12,0.0152
13,บัวเชด,Bua Ched,32,สุรินทร์,Surin,NE,44,360,1091676,24.75,202.5,227.25,614067.75,0.037
14,พนมดงรัก,Phanom Dongruk,32,สุรินทร์,Surin,NE,0,181,748866,0.0,101.81,101.81,421237.12,0.0242
15,ศรีณรงค์,Sri Narong,32,สุรินทร์,Surin,NE,74,229,720082,41.62,128.81,170.44,405046.12,0.0421
16,เขวาสินรินทร์,Khwao Sinrin,32,สุรินทร์,Surin,NE,11,12,426496,6.19,6.75,12.94,239904.0,0.0054
17,โนนนารายณ์,Non Narai,32,สุรินทร์,Surin,NE,0,64,433294,0.0,36.0,36.0,243727.88,0.0148
01,เมืองศรีสะเกษ,Mueang Sisaket,33,ศรีสะเกษ,Sisaket,NE,9,677,1255924,5.06,380.81,385.88,706457.25,0.0546
02,ยางชุมน้อย,Yang Chumnoi,33,ศรีสะเกษ,Sisaket,NE,0,142,514116,0.0,79.88,79.88,289190.25,0.0276
03,กันทรารมย์,Kanthararom,33,ศรีสะเกษ,Sisaket,NE,36,1244,1651146,20.25,699.75,720.0,928769.62,0.0775
04,กันทรลักษ์,Kantharalak,33,ศรีสะเกษ,Sisaket,NE,151,352,3181686,84.94,198.0,282.94,1789698.38,0.0158
05,ขุขันธ์,Kunkhan,33,ศรีสะเกษ,Sisaket,NE,0,1097,1789886,0.0,617.06,617.06,1006810.88,0.0613
06,ไพรบึง,Phaibung,33,ศรีสะเกษ,Sisaket,NE,0,39,628074,0.0,21.94,21.94,353291.62,0.0062
07,ปรางค์กู่,Prang Ku,33,ศรีสะเกษ,Sisaket,NE,11,183,896812,6.19,102.94,109.12,504456.75,0.0216
08,ขุนหาญ,Khunhan,33,ศรีสะเกษ,Sisaket,NE,180,393,2117716,101.25,221.06,322.31,1191215.25,0.0271
09,ราษีไศล,Rasi Salai,33,ศรีสะเกษ,Sisaket,NE,27,760,1162952,15.19,427.5,442.69,654160.5,0.0677
10,อุทุมพรพิสัย,Uthumphon Phisai,33,ศรีสะเกษ,Sisaket,NE,16,392,1020744,9.0,220.5,229.5,574168.5,0.04
11,บึงบูรพ์,Bung Bun,33,ศรีสะเกษ,Sisaket,NE,27,4,124162,15.19,2.25,17.44,69841.12,0.025
12,ห้วยทับทัน,Huai Thapthan,33,ศรีสะเกษ,Sisaket,NE,10,58,496640,5.62,32.62,38.25,279360.0,0.0137
13,โนนคูณ,Non Khun,33,ศรีสะเกษ,Sisaket,NE,0,233,646048,0.0,131.06,131.06,363402.0,0.0361
14,ศรีรัตนะ,Si Ratana,33,ศรีสะเกษ,Sisaket,NE,19,12,533834,10.69,6.75,17.44,300281.62,0.0058
15,น้ำเกลี้ยง,Nam Kiang,33,ศรีสะเกษ,Sisaket,NE,18,45,644584,10.12,25.31,35.44,362578.5,0.0098
16,วังหิน,Wanghin,33,ศรีสะเกษ,Sisaket,NE,11,555,672896,6.19,312.19,318.38,378504.0,0.0841
17,ภูสิงห์,Phusing,33,ศรีสะเกษ,Sisaket,NE,137,716,1418152,77.06,402.75,479.81,797710.5,0.0601
18,เมืองจันทร์,Mueang Chang,33,ศรีสะเกษ,Sisaket,NE,0,126,241524,0.0,70.88,70.88,135857.25,0.0522
19,เบญจลักษ์,Benchalak,33,ศรีสะเกษ,Sisaket,NE,0,134,615110,0.0,75.38,75.38,345999.38,0.0218
20,พยุห์,Phayu,33,ศรีสะเกษ,Sisaket,NE,0,23,394416,0.0,12.94,12.94,221859.0,0.0058
21,โพธิ์ศรีสุวรรณ,Pho Si Suwan,33,ศรีสะเกษ,Sisaket,NE,0,0,267918,0.0,0.0,0.0,150703.88,0.0
22,ศิลาลาด,Silalad,33,ศรีสะเกษ,Sisaket,NE,32,317,339932,18.0,178.31,196.31,191211.75,0.1027
01,เมืองอุบลราชธานี,Mueang Ubon Ratchathani,34,อุบลราชธานี,Ubon Ratchathani,NE,78,1110,1323294,43.88,624.38,668.25,744352.88,0.0898
02,ศรีเมืองใหม่,Si Muang Mai,34,อุบลราชธานี,Ubon Ratchathani,NE,9,76,2197008,5.06,42.75,47.81,1235817.0,0.0039
03,โขงเจียม,Khong Chiam,34,อุบลราชธานี,Ubon Ratchathani,NE,48,73,1666422,27.0,41.06,68.06,937362.38,0.0073
04,เขื่องใน,Khuang Nai,34,อุบลราชธานี,Ubon Ratchathani,NE,9,3558,2020686,5.06,2001.38,2006.44,1136635.88,0.1765
05,เขมราฐ,Khemrat,34,อุบลราชธานี,Ubon Ratchathani,NE,60,185,1436700,33.75,104.06,137.81,808143.75,0.0171
07,เดชอุดม,Det Udom,34,อุบลราชธานี,Ubon Ratchathani,NE,24,555,2947136,13.5,312.19,325.69,1657764.0,0.0196
08,นาจะหลวย,Nachaluai,34,อุบลราชธานี,Ubon Ratchathani,NE,114,85,1376322,64.12,47.81,111.94,774181.12,0.0145
09,น้ำยืน,Nam Yun,34,อุบลราชธานี,Ubon Ratchathani,NE,48,61,2537858,27.0,34.31,61.31,1427545.12,0.0043
10,บุณฑริก,Buntharik,34,อุบลราชธานี,Ubon Ratchathani,NE,233,282,3446274,131.06,158.62,289.69,1938529.12,0.0149
11,ตระการพืชผล,Trakan Phutphon,34,อุบลราชธานี,Ubon Ratchathani,NE,59,306,2368714,33.19,172.12,205.31,1332401.62,0.0154
12,กุดข้าวปุ้น,Kut Khao Pun,34,อุบลราชธานี,Ubon Ratchathani,NE,11,215,782910,6.19,120.94,127.12,440386.88,0.0289
14,ม่วงสามสิบ,Muang Samsip,34,อุบลราชธานี,Ubon Ratchathani,NE,0,2277,1686844,0.0,1280.81,1280.81,948849.75,0.135
15,วารินชำราบ,Warin Chamrap,34,อุบลราชธานี,Ubon Ratchathani,NE,100,1636,1442870,56.25,920.25,976.5,811614.38,0.1203
19,พิบูลมังสาหาร,Phibunmangsahan,34,อุบลราชธานี,Ubon Ratchathani,NE,33,297,2231674,18.56,167.06,185.62,1255316.62,0.0148
20,ตาลสุม,Tansum,34,อุบลราชธานี,Ubon Ratchathani,NE,9,116,692784,5.06,65.25,70.31,389691.0,0.018
21,โพธิ์ไทร,Pho Sai,34,อุบลราชธานี,Ubon Ratchathani,NE,0,87,1291882,0.0,48.94,48.94,726683.62,0.0067
22,สำโรง,Samrong,34,อุบลราชธานี,Ubon Ratchathani,NE,0,223,898192,0.0,125.44,125.44,505233.0,0.0248
24,ดอนมดแดง,Don Mot Daeng,34,อุบลราชธานี,Ubon Ratchathani,NE,10,83,444404,5.62,46.69,52.31,249977.25,0.0209
25,สิรินธร,Sirinthon,34,อุบลราชธานี,Ubon Ratchathani,NE,279,924,1796094,156.94,519.75,676.69,1010302.88,0.067
26,ทุ่งศรีอุดม,Thung Si Udom,34,อุบลราชธานี,Ubon Ratchathani,NE,0,68,584898,0.0,38.25,38.25,329005.12,0.0116
29,นาเยีย,Nayia,34,อุบลราชธานี,Ubon Ratchathani,NE,69,581,559396,38.81,326.81,365.62,314660.25,0.1162
30,นาตาล,Natan,34,อุบลราชธานี,Ubon Ratchathani,NE,0,58,483768,0.0,32.62,32.62,272119.5,0.012
31,เหล่าเสือโก้ก,Lao Sua Kok,34,อุบลราชธานี,Ubon Ratchathani,NE,0,297,511684,0.0,167.06,167.06,287822.25,0.058
32,สว่างวีระวงศ์,Sawang Wirawong,34,อุบลราชธานี,Ubon Ratchathani,NE,45,963,612336,25.31,541.69,567.0,344439.0,0.1646
33,น้ำขุ่น,Nam Khun,34,อุบลราชธานี,Ubon Ratchathani,NE,65,37,649766,36.56,20.81,57.38,365493.38,0.0157
01,เมืองยโสธร,Mueang Yasothon,35,ยโสธร,Yasothon,NE,69,2710,1513640,38.81,1524.38,1563.19,851422.5,0.1836
02,ทรายมูล,Saimun,35,ยโสธร,Yasothon,NE,14,357,571348,7.88,200.81,208.69,321383.25,0.0649
03,กุดชุม,Kutchom,35,ยโสธร,Yasothon,NE,0,1969,1326424,0.0,1107.56,1107.56,746113.5,0.1484
04,คำเขื่อนแก้ว,Kham Khuan Kaeo,35,ยโสธร,Yasothon,NE,83,7927,1289946,46.69,4458.94,4505.62,725594.62,0.621
05,ป่าติ้ว,Patiw,35,ยโสธร,Yasothon,NE,77,1013,721794,43.31,569.81,613.12,406009.12,0.151
06,มหาชนะชัย,Maha Chanaphai,35,ยโสธร,Yasothon,NE,107,1058,980084,60.19,595.12,655.31,551297.25,0.1189
07,ค้อวัง,Kho Wang,35,ยโสธร,Yasothon,NE,14,250,449274,7.88,140.62,148.5,252716.62,0.0588
08,เลิงนกทา,Luang Nok Tha,35,ยโสธร,Yasothon,NE,27,770,2097524,15.19,433.12,448.31,1179857.25,0.038
09,ไทยเจริญ,Thaicharoen,35,ยโสธร,Yasothon,NE,0,694,633186,0.0,390.38,390.38,356167.12,0.1096
01,เมืองชัยภูมิ,Mueang Chaiyaphum,36,ชัยภูมิ,Chaiyaphum,NE,1745,7721,3342948,981.56,4343.06,5324.62,1880408.25,0.2832
02,บ้านเขว้า,Ban Khwao,36,ชัยภูมิ,Chaiyaphum,NE,101,143,1141662,56.81,80.44,137.25,642184.88,0.0214
03,คอนสวรรค์,Khon Sawan,36,ชัยภูมิ,Chaiyaphum,NE,81,438,1074480,45.56,246.38,291.94,604395.0,0.0483
04,เกษตรสมบูรณ์,Kaset Sombun,36,ชัยภูมิ,Chaiyaphum,NE,27,338,2488212,15.19,190.12,205.31,1399619.25,0.0147
05,หนองบัวแดง,Nong Bua Daeng,36,ชัยภูมิ,Chaiyaphum,NE,64,1117,4971460,36.0,628.31,664.31,2796446.25,0.0238
06,จัตุรัส,Chaturat,36,ชัยภูมิ,Chaiyaphum,NE,149,1276,1581540,83.81,717.75,801.56,889616.25,0.0901
07,บำเหน็จณรงค์,Bamnetnarong,36,ชัยภูมิ,Chaiyaphum,NE,33,153,1101266,18.56,86.06,104.62,619462.12,0.0169
08,หนองบัวระเหว,Nong Bua Rawe,36,ชัยภูมิ,Chaiyaphum,NE,119,211,1702346,66.94,118.69,185.62,957569.62,0.0194
09,เทพสถิต,Thep Sathit,36,ชัยภูมิ,Chaiyaphum,NE,94,66,2247842,52.88,37.12,90.0,1264411.12,0.0071
10,ภูเขียว,Phukhieo,36,ชัยภูมิ,Chaiyaphum,NE,88,742,1870998,49.5,417.38,466.88,1052436.38,0.0444
11,บ้านแท่น,Ban Thaen,36,ชัยภูมิ,Chaiyaphum,NE,30,97,752250,16.88,54.56,71.44,423140.62,0.0169
12,แก้งคร้อ,Kaeng Khro,36,ชัยภูมิ,Chaiyaphum,NE,66,586,1541532,37.12,329.62,366.75,867111.75,0.0423
13,คอนสาร,Khon San,36,ชัยภูมิ,Chaiyaphum,NE,95,327,3077872,53.44,183.94,237.38,1731303.0,0.0137
14,ภักดีชุมพล,Phakdi Chumphon,36,ชัยภูมิ,Chaiyaphum,NE,53,40,1426000,29.81,22.5,52.31,802125.0,0.0065
15,เนินสง่า,Noen Sanga,36,ชัยภูมิ,Chaiyaphum,NE,58,27,626508,32.62,15.19,47.81,352410.75,0.0136
16,ซับใหญ่,Sap Yai,36,ชัยภูมิ,Chaiyaphum,NE,9,75,650978,5.06,42.19,47.25,366175.12,0.0129
01,เมืองอำนาจเจริญ,Mueang Amnaj Charoen,37,อำนาจเจริญ,Amnaj Charoen,NE,52,1749,2099756,29.25,983.81,1013.06,1181112.75,0.0858
02,ชานุมาน,Chanuman,37,อำนาจเจริญ,Amnaj Charoen,NE,0,404,1370908,0.0,227.25,227.25,771135.75,0.0295
03,ปทุมราชวงศา,Pathum Ratwongsa,37,อำนาจเจริญ,Amnaj Charoen,NE,0,571,1158864,0.0,321.19,321.19,651861.0,0.0493
04,พนา,Pana,37,อำนาจเจริญ,Amnaj Charoen,NE,0,217,575970,0.0,122.06,122.06,323983.12,0.0377
05,เสนางคนิคม,Senakanikom,37,อำนาจเจริญ,Amnaj Charoen,NE,61,282,844142,34.31,158.62,192.94,474829.88,0.0406
06,หัวตะพาน,Hua Tapan,37,อำนาจเจริญ,Amnaj Charoen,NE,0,1181,944680,0.0,664.31,664.31,531382.5,0.125
07,ลืออำนาจ,Luaamnaj,37,อำนาจเจริญ,Amnaj Charoen,NE,12,458,620758,6.75,257.62,264.38,349176.38,0.0757
01,เมืองบึงกาฬ,Mueang Bung Kan,38,บึงกาฬ,Bung Kan,NE,955,4860,2122438,537.19,2733.75,3270.94,1193871.38,0.274
02,พรเจริญ,Phon Chareon,38,บึงกาฬ,Bung Kan,NE,151,1429,883962,84.94,803.81,888.75,497228.62,0.1787
03,โซ่พิสัย,So Phisai,38,บึงกาฬ,Bung Kan,NE,241,1403,1429004,135.56,789.19,924.75,803814.75,0.115
04,เซกา,Seka,38,บึงกาฬ,Bung Kan,NE,356,5204,2041744,200.25,2927.25,3127.5,1148481.0,0.2723
05,ปากคาด,Pak Khat,38,บึงกาฬ,Bung Kan,NE,168,610,671494,94.5,343.12,437.62,377715.38,0.1159
06,บึงโขงหลง,Bung Khlong Long,38,บึงกาฬ,Bung Kan,NE,115,1033,815166,64.69,581.06,645.75,458530.88,0.1408
07,ศรีวิไล,Si Wilai,38,บึงกาฬ,Bung Kan,NE,230,849,810338,129.38,477.56,606.94,455815.12,0.1332
08,บุ่งคล้า,Bungkha,38,บึงกาฬ,Bung Kan,NE,55,383,642510,30.94,215.44,246.38,361411.88,0.0682
01,เมืองหนองบัวลำภู,Mueang Nong Bua Lamphu,39,หนองบัวลำภู,Nong Bua Lamphu,NE,152,155,2392984,85.5,87.19,172.69,1346053.5,0.0128
02,นากลาง,Na Klang,39,หนองบัวลำภู,Nong Bua Lamphu,NE,54,63,1600562,30.38,35.44,65.81,900316.12,0.0073
03,โนนสัง,Non Sang,39,หนองบัวลำภู,Nong Bua Lamphu,NE,38,239,1531050,21.38,134.44,155.81,861215.62,0.0181
04,ศรีบุญเรือง,Sibunruang,39,หนองบัวลำภู,Nong Bua Lamphu,NE,133,146,2121682,74.81,82.12,156.94,1193446.12,0.0131
05,สุวรรณคูหา,Suwanakhuha,39,หนองบัวลำภู,Nong Bua Lamphu,NE,39,65,1329584,21.94,36.56,58.5,747891.0,0.0078
06,นาวัง,Na Wang,39,หนองบัวลำภู,Nong Bua Lamphu,NE,247,183,631190,138.94,102.94,241.88,355044.38,0.0681
01,เมืองขอนแก่น,Mueang Khon kaen,40,ขอนแก่น,Khon Kaen,NE,200,2945,2284072,112.5,1656.56,1769.06,1284790.5,0.1377
02,บ้านฝาง,Ban Fang,40,ขอนแก่น,Khon Kaen,NE,0,651,815288,0.0,366.19,366.19,458599.5,0.0798
03,พระยืน,Phra Yun,40,ขอนแก่น,Khon Kaen,NE,71,943,529510,39.94,530.44,570.38,297849.38,0.1915
04,หนองเรือ,Nong Rua,40,ขอนแก่น,Khon Kaen,NE,101,780,1239248,56.81,438.75,495.56,697077.0,0.0711
05,ชุมแพ,Chum Phae,40,ขอนแก่น,Khon Kaen,NE,36,270,1576340,20.25,151.88,172.12,886691.25,0.0194
06,สีชมพู,Si Chomphu,40,ขอนแก่น,Khon Kaen,NE,10,64,1220434,5.62,36.0,41.62,686494.12,0.0061
07,น้ำพอง,Nam Phong,40,ขอนแก่น,Khon Kaen,NE,146,788,1765232,82.12,443.25,525.38,992943.0,0.0529
08,อุบลรัตน์,Ubonrat,40,ขอนแก่น,Khon Kaen,NE,0,181,975250,0.0,101.81,101.81,548578.12,0.0186
09,กระนวน,Kranuan,40,ขอนแก่น,Khon Kaen,NE,34,21,1131844,19.12,11.81,30.94,636662.25,0.0049
10,บ้านไผ่,Ban Phai,40,ขอนแก่น,Khon Kaen,NE,75,473,1179498,42.19,266.06,308.25,663467.62,0.0465
11,เปือยน้อย,Puainoi,40,ขอนแก่น,Khon Kaen,NE,0,0,334254,0.0,0.0,0.0,188017.88,0.0
12,พล,Phon,40,ขอนแก่น,Khon Kaen,NE,0,410,1056050,0.0,230.62,230.62,594028.12,0.0388
13,แวงใหญ่,Waeng Yai,40,ขอนแก่น,Khon Kaen,NE,0,89,530594,0.0,50.06,50.06,298459.12,0.0168
14,แวงน้อย,Waeng Noi,40,ขอนแก่น,Khon Kaen,NE,0,154,680204,0.0,86.62,86.62,382614.75,0.0226
15,หนองสองห้อง,Nong Song Hong,40,ขอนแก่น,Khon Kaen,NE,0,129,1190422,0.0,72.56,72.56,669612.38,0.0108
16,ภูเวียง,Phu Wiang,40,ขอนแก่น,Khon Kaen,NE,90,519,1417164,50.62,291.94,342.56,797154.75,0.043
17,มัญจาคีรี,Manchakhiri,40,ขอนแก่น,Khon Kaen,NE,43,1265,1576530,24.19,711.56,735.75,886798.12,0.083
18,ชนบท,Chonnabot,40,ขอนแก่น,Khon Kaen,NE,94,1486,740476,52.88,835.88,888.75,416517.75,0.2134
19,เขาสวนกวาง,Khao Suan Kwang,40,ขอนแก่น,Khon Kaen,NE,9,22,771826,5.06,12.38,17.44,434152.12,0.004
20,ภูผาม่าน,Phu Phaman,40,ขอนแก่น,Khon Kaen,NE,81,72,721286,45.56,40.5,86.06,405723.38,0.0212
21,ซำสูง,Chamsung,40,ขอนแก่น,Khon Kaen,NE,0,103,464434,0.0,57.94,57.94,261244.12,0.0222
22,โคกโพธิ์ไชย,Khok Pho Chai,40,ขอนแก่น,Khon Kaen,NE,91,388,605370,51.19,218.25,269.44,340520.62,0.0791
23,หนองนาคำ,Nong Na Kham,40,ขอนแก่น,Khon Kaen,NE,53,138,411410,29.81,77.62,107.44,231418.12,0.0464
24,บ้านแฮด,Ban Haet,40,ขอนแก่น,Khon Kaen,NE,0,212,518324,0.0,119.25,119.25,291557.25,0.0409
25,โนนศิลา,Non Sila,40,ขอนแก่น,Khon Kaen,NE,0,138,425180,0.0,77.62,77.62,239163.75,0.0325
29,เวียงเก่า,Wiang Kao,40,ขอนแก่น,Khon Kaen,NE,0,231,733054,0.0,129.94,129.94,412342.88,0.0315
01,เมืองอุดรธานี,Mueang Udon Thani,41,อุดรธานี,Udon Thani,NE,145,965,2627850,81.56,542.81,624.38,1478165.62,0.0422
02,กุดจับ,Kutchap,41,อุดรธานี,Udon Thani,NE,7,51,1042234,3.94,28.69,32.62,586256.62,0.0056
03,หนองวัวซอ,Nong Wua So,41,อุดรธานี,Udon Thani,NE,106,226,1451900,59.62,127.12,186.75,816693.75,0.0229
04,กุมภวาปี,Kumphawapi,41,อุดรธานี,Udon Thani,NE,122,137,1590254,68.62,77.06,145.69,894517.88,0.0163
05,โนนสะอาด,Non Sa-at,41,อุดรธานี,Udon Thani,NE,0,0,1021366,0.0,0.0,0.0,574518.38,0.0
06,หนองหาน,Nong Han,41,อุดรธานี,Udon Thani,NE,69,262,1626396,38.81,147.38,186.19,914847.75,0.0204
07,ทุ่งฝน,Thung Fon,41,อุดรธานี,Udon Thani,NE,0,81,561918,0.0,45.56,45.56,316078.88,0.0144
08,ไชยวาน,Chai Wan,41,อุดรธานี,Udon Thani,NE,0,32,825726,0.0,18.0,18.0,464470.88,0.0039
09,ศรีธาตุ,Si That,41,อุดรธานี,Udon Thani,NE,25,214,1224992,14.06,120.38,134.44,689058.0,0.0195
10,วังสามหมอ,Wang Sam Mo,41,อุดรธานี,Udon Thani,NE,18,122,1753612,10.12,68.62,78.75,986406.75,0.008
11,บ้านดุง,Ban Dung,41,อุดรธานี,Udon Thani,NE,181,1989,2154928,101.81,1118.81,1220.62,1212147.0,0.1007
17,บ้านผือ,Ban Phu,41,อุดรธานี,Udon Thani,NE,121,979,2740420,68.06,550.69,618.75,1541486.25,0.0401
18,น้ำโสม,Nam Som,41,อุดรธานี,Udon Thani,NE,89,466,1403870,50.06,262.12,312.19,789676.88,0.0395
19,เพ็ญ,phen,41,อุดรธานี,Udon Thani,NE,289,2410,2119954,162.56,1355.62,1518.19,1192474.12,0.1273
20,สร้างคอม,Srang Khom,41,อุดรธานี,Udon Thani,NE,19,412,645542,10.69,231.75,242.44,363117.38,0.0668
21,หนองแสง,Nong Saeng,41,อุดรธานี,Udon Thani,NE,56,26,824540,31.5,14.62,46.12,463803.75,0.0099
22,นายูง,Na Yung,41,อุดรธานี,Udon Thani,NE,202,296,1206406,113.62,166.5,280.12,678603.38,0.0413
23,พิบูลย์รักษ์,Phibun Ruk,41,อุดรธานี,Udon Thani,NE,0,261,458628,0.0,146.81,146.81,257978.25,0.0569
24,กู่แก้ว,Ku Kaeo,41,อุดรธานี,Udon Thani,NE,0,9,318076,0.0,5.06,5.06,178917.75,0.0028
25,ประจักษ์ศิลปาคม,Prachaksinlapakhom,41,อุดรธานี,Udon Thani,NE,42,187,362090,23.62,105.19,128.81,203675.62,0.0632
01,เมืองเลย,Mueang Loei,42,เลย,Loei,NE,670,1670,2989616,376.88,939.38,1316.25,1681659.0,0.0783
02,นาด้วง,Naduang,42,เลย,Loei,NE,394,1315,1344720,221.62,739.69,961.31,756405.0,0.1271
03,เชียงคาน,Chiang Khan,42,เลย,Loei,NE,372,1361,1991314,209.25,765.56,974.81,1120114.12,0.087
04,ปากชม,Pakchom,42,เลย,Loei,NE,699,2203,2285180,393.19,1239.19,1632.38,1285413.75,0.127
05,ด่านซ้าย,Dan Sai,42,เลย,Loei,NE,864,11239,3217270,486.0,6321.94,6807.94,1809714.38,0.3762
06,นาแห้ว,Nahaeo,42,เลย,Loei,NE,116,2936,1470298,65.25,1651.5,1716.75,827042.62,0.2076
07,ภูเรือ,Phu Rua,42,เลย,Loei,NE,183,2427,1591802,102.94,1365.19,1468.12,895388.62,0.164
08,ท่าลี่,Tha Li,42,เลย,Loei,NE,934,3012,1586660,525.38,1694.25,2219.62,892496.25,0.2487
09,วังสะพุง,Wang Saphung,42,เลย,Loei,NE,213,1272,2599886,119.81,715.5,835.31,1462435.88,0.0571
10,ภูกระดึง,Phu Kradung,42,เลย,Loei,NE,411,469,1814250,231.19,263.81,495.0,1020515.62,0.0485
11,ภูหลวง,Phu Luang,42,เลย,Loei,NE,197,978,1313556,110.81,550.12,660.94,738875.25,0.0895
12,ผาขาว,Pha Khao,42,เลย,Loei,NE,141,210,939168,79.31,118.12,197.44,528282.0,0.0374
13,เอราวัณ,Arawan,42,เลย,Loei,NE,361,244,785786,203.06,137.25,340.31,442004.62,0.077
14,หนองหิน,Nong Hin,42,เลย,Loei,NE,224,238,727462,126.0,133.88,259.88,409197.38,0.0635
01,เมืองหนองคาย,Mueang Nong Khai,43,หนองคาย,Nong Khai,NE,348,1250,1155748,195.75,703.12,898.88,650108.25,0.1383
02,ท่าบ่อ,Tha Bo,43,หนองคาย,Nong Khai,NE,1419,3538,846150,798.19,1990.12,2788.31,475959.38,0.5858
05,โพนพิสัย,Phon Phisai,43,หนองคาย,Nong Khai,NE,265,1850,1943962,149.06,1040.62,1189.69,1093478.62,0.1088
07,ศรีเชียงใหม่,Si Chiang Mai,43,หนองคาย,Nong Khai,NE,230,1412,362382,129.38,794.25,923.62,203839.88,0.4531
08,สังคม,Sang Khom,43,หนองคาย,Nong Khai,NE,33,303,1084602,18.56,170.44,189.0,610088.62,0.031
14,สระใคร,Srakhai,43,หนองคาย,Nong Khai,NE,16,131,478328,9.0,73.69,82.69,269059.5,0.0307
15,เฝ้าไร่,Fao Rai,43,หนองคาย,Nong Khai,NE,135,324,854200,75.94,182.25,258.19,480487.5,0.0537
16,รัตนวาปี,Rattana Wapi,43,หนองคาย,Nong Khai,NE,265,1346,697394,149.06,757.12,906.19,392284.12,0.231
17,โพธิ์ตาก,Pho Tak,43,หนองคาย,Nong Khai,NE,36,679,292872,20.25,381.94,402.19,164740.5,0.2441
01,เมืองมหาสารคาม,Mueang Mahasarakham,44,มหาสารคาม,Mahasarakham,NE,110,569,1326882,61.88,320.06,381.94,746371.12,0.0512
02,แกดำ,Kae Dum,44,มหาสารคาม,Mahasarakham,NE,0,42,403392,0.0,23.62,23.62,226908.0,0.0104
03,โกสุมพิสัย,Kosum Phisai,44,มหาสารคาม,Mahasarakham,NE,291,268,1828342,163.69,150.75,314.44,1028442.38,0.0306
04,กันทรวิชัย,Kanthara Wichai,44,มหาสารคาม,Mahasarakham,NE,111,174,949124,62.44,97.88,160.31,533882.25,0.03
05,เชียงยืน,Chiang Yun,44,มหาสารคาม,Mahasarakham,NE,23,789,745340,12.94,443.81,456.75,419253.75,0.1089
06,บรบือ,Borabu,44,มหาสารคาม,Mahasarakham,NE,40,232,1631970,22.5,130.5,153.0,917983.12,0.0167
07,นาเชือก,Na Chuak,44,มหาสารคาม,Mahasarakham,NE,0,150,1088030,0.0,84.38,84.38,612016.88,0.0138
08,พยัคฆภูมิพิสัย,Phayakkhaphum Phisai,44,มหาสารคาม,Mahasarakham,NE,0,760,1415098,0.0,427.5,427.5,795992.62,0.0537
09,วาปีปทุม,Wapi Pathum,44,มหาสารคาม,Mahasarakham,NE,0,61,1490046,0.0,34.31,34.31,838150.88,0.0041
10,นาดูน,Nadun,44,มหาสารคาม,Mahasarakham,NE,0,64,590468,0.0,36.0,36.0,332138.25,0.0108
11,ยางสีสุราช,Yang Sisurat,44,มหาสารคาม,Mahasarakham,NE,0,166,510418,0.0,93.38,93.38,287110.12,0.0325
12,กุดรัง,Kut Rang,44,มหาสารคาม,Mahasarakham,NE,53,249,760142,29.81,140.06,169.88,427579.88,0.0397
13,ชื่นชม,Chunchom,44,มหาสารคาม,Mahasarakham,NE,0,0,308996,0.0,0.0,0.0,173810.25,0.0
01,เมืองร้อยเอ็ด,Mueang Roi Et,45,ร้อยเอ็ด,Roi Et,NE,0,1222,1047626,0.0,687.38,687.38,589289.62,0.1166
02,เกษตรวิสัย,Kaset Wisai,45,ร้อยเอ็ด,Roi Et,NE,11,1114,1974266,6.19,626.62,632.81,1110524.62,0.057
03,ปทุมรัตต์,Pathumrat,45,ร้อยเอ็ด,Roi Et,NE,0,143,816870,0.0,80.44,80.44,459489.38,0.0175
04,จตุรพักตรพิมาน,Chatuphak Phiman,45,ร้อยเอ็ด,Roi Et,NE,0,226,1122554,0.0,127.12,127.12,631436.62,0.0201
05,ธวัชบุรี,Thawat Buri,45,ร้อยเอ็ด,Roi Et,NE,22,1360,775196,12.38,765.0,777.38,436047.75,0.1783
06,พนมไพร,Phanom Phai,45,ร้อยเอ็ด,Roi Et,NE,20,1261,1023924,11.25,709.31,720.56,575957.25,0.1251
07,โพนทอง,Phon Thong,45,ร้อยเอ็ด,Roi Et,NE,104,606,1588126,58.5,340.88,399.38,893320.88,0.0447
08,โพธิ์ชัย,Pho Chai,45,ร้อยเอ็ด,Roi Et,NE,21,55,876008,11.81,30.94,42.75,492754.5,0.0087
09,หนองพอก,Nong Phok,45,ร้อยเอ็ด,Roi Et,NE,0,601,1298082,0.0,338.06,338.06,730171.12,0.0463
10,เสลภูมิ,Sela Phum,45,ร้อยเอ็ด,Roi Et,NE,222,1558,1741536,124.88,876.38,1001.25,979614.0,0.1022
11,สุวรรณภูมิ,Suwan Phum,45,ร้อยเอ็ด,Roi Et,NE,35,3986,1964374,19.69,2242.12,2261.81,1104960.38,0.2047
12,เมืองสรวง,Mueang Sruang,45,ร้อยเอ็ด,Roi Et,NE,0,1867,361188,0.0,1050.19,1050.19,203168.25,0.5169
13,โพนทราย,Phon Sai,45,ร้อยเอ็ด,Roi Et,NE,0,81,540810,0.0,45.56,45.56,304205.62,0.015
14,อาจสามารถ,At Samat,45,ร้อยเอ็ด,Roi Et,NE,0,5204,963552,0.0,2927.25,2927.25,541998.0,0.5401
15,เมยวดี,Muaiwadi,45,ร้อยเอ็ด,Roi Et,NE,55,23,396940,30.94,12.94,43.88,223278.75,0.0197
16,ศรีสมเด็จ,Sri Somdet,45,ร้อยเอ็ด,Roi Et,NE,0,49,384596,0.0,27.56,27.56,216335.25,0.0127
17,จังหาร,Changhan,45,ร้อยเอ็ด,Roi Et,NE,32,67,431302,18.0,37.69,55.69,242607.38,0.023
18,เชียงขวัญ,Chiang Khwan,45,ร้อยเอ็ด,Roi Et,NE,55,89,304806,30.94,50.06,81.0,171453.38,0.0472
19,หนองฮี,Nong Hi,45,ร้อยเอ็ด,Roi Et,NE,9,240,361828,5.06,135.0,140.06,203528.25,0.0688
20,ทุ่งเขาหลวง,Thung Khao Luang,45,ร้อยเอ็ด,Roi Et,NE,0,452,316196,0.0,254.25,254.25,177860.25,0.1429
01,เมืองกาฬสินธุ์,Mueang Kalasin,46,กาฬสินธุ์,Kalasin,NE,134,544,1649214,75.38,306.0,381.38,927682.88,0.0411
02,นามน,Namon,46,กาฬสินธุ์,Kalasin,NE,31,233,567750,17.44,131.06,148.5,319359.38,0.0465
03,กมลาไสย,Kamalasai,46,กาฬสินธุ์,Kalasin,NE,33,188,784788,18.56,105.75,124.31,441443.25,0.0282
04,ร่องคำ,Rong Kham,46,กาฬสินธุ์,Kalasin,NE,0,18,199496,0.0,10.12,10.12,112216.5,0.009
05,กุฉินารายณ์,Kuchi Narai,46,กาฬสินธุ์,Kalasin,NE,52,903,1807518,29.25,507.94,537.19,1016728.88,0.0528
06,เขาวง,Khao Wong,46,กาฬสินธุ์,Kalasin,NE,0,70,516090,0.0,39.38,39.38,290300.62,0.0136
07,ยางตลาด,Yang Talat,46,กาฬสินธุ์,Kalasin,NE,63,617,1610866,35.44,347.06,382.5,906112.12,0.0422
08,ห้วยเม็ก,Huai Mek,46,กาฬสินธุ์,Kalasin,NE,13,0,759434,7.31,0.0,7.31,427181.62,0.0017
09,สหัสขันธ์,Sahatsakhan,46,กาฬสินธุ์,Kalasin,NE,49,100,779288,27.56,56.25,83.81,438349.5,0.0191
10,คำม่วง,Kham Muang,46,กาฬสินธุ์,Kalasin,NE,0,70,1028356,0.0,39.38,39.38,578450.25,0.0068
11,ท่าคันโท,Tha Khan Tho,46,กาฬสินธุ์,Kalasin,NE,17,168,909670,9.56,94.5,104.06,511689.38,0.0203
12,หนองกุงศรี,Nong Kungsi,46,กาฬสินธุ์,Kalasin,NE,0,184,1426002,0.0,103.5,103.5,802126.12,0.0129
13,สมเด็จ,Somdet,46,กาฬสินธุ์,Kalasin,NE,183,381,1171220,102.94,214.31,317.25,658811.25,0.0482
14,ห้วยผึ้ง,Huai Phung,46,กาฬสินธุ์,Kalasin,NE,0,332,747562,0.0,186.75,186.75,420503.62,0.0444
15,สามชัย,Samchai,46,กาฬสินธุ์,Kalasin,NE,61,81,782018,34.31,45.56,79.88,439885.12,0.0182
16,นาคู,Nakhu,46,กาฬสินธุ์,Kalasin,NE,19,25,514606,10.69,14.06,24.75,289465.88,0.0086
17,ดอนจาน,Dokchan,46,กาฬสินธุ์,Kalasin,NE,63,70,581408,35.44,39.38,74.81,327042.0,0.0229
18,ฆ้องชัย,Khong Chai,46,กาฬสินธุ์,Kalasin,NE,21,39,345134,11.81,21.94,33.75,194137.88,0.0174
01,เมืองสกลนคร,Mueang Sakon Nakhon,47,สกลนคร,Sakon Nakhon,NE,680,4538,2197754,382.5,2552.62,2935.12,1236236.62,0.2374
02,กุสุมาลย์,Kusuman,47,สกลนคร,Sakon Nakhon,NE,163,482,1100238,91.69,271.12,362.81,618883.88,0.0586
03,กุดบาก,Kutbak,47,สกลนคร,Sakon Nakhon,NE,0,147,1046766,0.0,82.69,82.69,588805.88,0.014
04,พรรณานิคม,Phannanikhom,47,สกลนคร,Sakon Nakhon,NE,191,1838,1752622,107.44,1033.88,1141.31,985849.88,0.1158
05,พังโคน,Phangkhon,47,สกลนคร,Sakon Nakhon,NE,25,644,627222,14.06,362.25,376.31,352812.38,0.1067
06,วาริชภูมิ,Waritchaphum,47,สกลนคร,Sakon Nakhon,NE,32,236,963574,18.0,132.75,150.75,542010.38,0.0278
07,นิคมน้ำอูน,Nikhom Nam Un,47,สกลนคร,Sakon Nakhon,NE,0,130,363174,0.0,73.12,73.12,204285.38,0.0358
08,วานรนิวาส,Wanon Niwat,47,สกลนคร,Sakon Nakhon,NE,116,609,2588258,65.25,342.56,407.81,1455895.12,0.028
09,คำตากล้า,Kham Taka,47,สกลนคร,Sakon Nakhon,NE,117,1393,899938,65.81,783.56,849.38,506215.12,0.1678
10,บ้านม่วง,Ban Muang,47,สกลนคร,Sakon Nakhon,NE,401,2818,1773802,225.56,1585.12,1810.69,997763.62,0.1815
11,อากาศอำนวย,Akat Amnuai,47,สกลนคร,Sakon Nakhon,NE,102,1158,1335270,57.38,651.38,708.75,751089.38,0.0944
12,สว่างแดนดิน,Sawang Daen Din,47,สกลนคร,Sakon Nakhon,NE,192,531,2218888,108.0,298.69,406.69,1248124.5,0.0326
13,ส่องดาว,Song Dao,47,สกลนคร,Sakon Nakhon,NE,0,44,781522,0.0,24.75,24.75,439606.12,0.0056
14,เต่างอย,Tao Ngoi,47,สกลนคร,Sakon Nakhon,NE,0,224,701090,0.0,126.0,126.0,394363.12,0.032
15,โคกศรีสุพรรณ,Khok Si Suphan,47,สกลนคร,Sakon Nakhon,NE,0,711,593286,0.0,399.94,399.94,333723.38,0.1198
16,เจริญศิลป์,Chaloensin,47,สกลนคร,Sakon Nakhon,NE,48,237,978814,27.0,133.31,160.31,550582.88,0.0291
17,โพนนาแก้ว,Phon Na Kaeo,47,สกลนคร,Sakon Nakhon,NE,699,1206,832768,393.19,678.38,1071.56,468432.0,0.2288
18,ภูพาน,Phuphan,47,สกลนคร,Sakon Nakhon,NE,111,504,1658820,62.44,283.5,345.94,933086.25,0.0371
01,เมืองนครพนม,Mueang Nakhon Phanom,48,นครพนม,Nakhon Phanom,NE,165,2256,1837808,92.81,1269.0,1361.81,1033767.0,0.1317
02,ปลาปาก,Pla Pak,48,นครพนม,Nakhon Phanom,NE,82,365,1290702,46.12,205.31,251.44,726019.88,0.0346
03,ท่าอุเทน,Tha Uthen,48,นครพนม,Nakhon Phanom,NE,68,1435,1318546,38.25,807.19,845.44,741682.12,0.114
04,บ้านแพง,Ban Paeng,48,นครพนม,Nakhon Phanom,NE,52,380,720922,29.25,213.75,243.0,405518.62,0.0599
05,ธาตุพนม,That Phanom,48,นครพนม,Nakhon Phanom,NE,105,376,803516,59.06,211.5,270.56,451977.75,0.0599
06,เรณูนคร,Renu Nakhon,48,นครพนม,Nakhon Phanom,NE,0,295,530692,0.0,165.94,165.94,298514.25,0.0556
07,นาแก,Nakae,48,นครพนม,Nakhon Phanom,NE,68,918,1528930,38.25,516.38,554.62,860023.12,0.0645
08,ศรีสงคราม,Si Songkhram,48,นครพนม,Nakhon Phanom,NE,140,1883,1797040,78.75,1059.19,1137.94,1010835.0,0.1126
09,นาหว้า,Na Wa,48,นครพนม,Nakhon Phanom,NE,41,573,831544,23.06,322.31,345.38,467743.5,0.0738
10,โพนสวรรค์,Phon Sawan,48,นครพนม,Nakhon Phanom,NE,60,240,1354470,33.75,135.0,168.75,761889.38,0.0221
11,นาทม,Nathom,48,นครพนม,Nakhon Phanom,NE,127,1279,769604,71.44,719.44,790.88,432902.25,0.1827
12,วังยาง,Wang Yang,48,นครพนม,Nakhon Phanom,NE,53,171,391754,29.81,96.19,126.0,220361.62,0.0572
01,เมืองมุกดาหาร,Mueang Mukdahan,49,มุกดาหาร,Mukdahan,NE,299,2047,2825182,168.19,1151.44,1319.62,1589164.88,0.083
02,นิคมคำสร้อย,Nikhom Khamsoi,49,มุกดาหาร,Mukdahan,NE,25,478,933948,14.06,268.88,282.94,525345.75,0.0539
03,ดอนตาล,Dontan,49,มุกดาหาร,Mukdahan,NE,42,630,1163978,23.62,354.38,378.0,654737.62,0.0577
04,ดงหลวง,Dong Luang,49,มุกดาหาร,Mukdahan,NE,28,361,2090554,15.75,203.06,218.81,1175936.62,0.0186
05,คำชะอี,Kham Cha E,49,มุกดาหาร,Mukdahan,NE,0,349,1640474,0.0,196.31,196.31,922766.62,0.0213
06,หว้านใหญ่,Whanyai,49,มุกดาหาร,Mukdahan,NE,12,110,255286,6.75,61.88,68.62,143598.38,0.0478
07,หนองสูง,Nong Sung,49,มุกดาหาร,Mukdahan,NE,52,1435,679322,29.25,807.19,836.44,382118.62,0.2189
01,เมืองเชียงใหม่,Mueang Chiang Mai,50,เชียงใหม่,Chiang Mai,N,21,89,208667,11.81,50.06,61.88,117375.19,0.0527
02,จอมทอง,Chom Thong,50,เชียงใหม่,Chiang Mai,N,73,1359,1309494,41.06,764.44,805.5,736590.38,0.1094
03,แม่แจ่ม,Mae Chaem,50,เชียงใหม่,Chiang Mai,N,13,1624,3324459,7.31,913.5,920.81,1870008.19,0.0492
04,เชียงดาว,Chiang Dao,50,เชียงใหม่,Chiang Mai,N,117,1718,2526517,65.81,966.38,1032.19,1421165.81,0.0726
05,ดอยสะเก็ด,Doi Saket,50,เชียงใหม่,Chiang Mai,N,39,1551,773237,21.94,872.44,894.38,434945.81,0.2056
06,แม่แตง,Mae Taeng,50,เชียงใหม่,Chiang Mai,N,233,3382,1679772,131.06,1902.38,2033.44,944871.75,0.2152
08,สะเมิง,Sa Moeng,50,เชียงใหม่,Chiang Mai,N,10,1110,1250969,5.62,624.38,630.0,703670.06,0.0895
09,ฝาง,Fang,50,เชียงใหม่,Chiang Mai,N,524,2965,1000466,294.75,1667.81,1962.56,562762.12,0.3487
10,แม่อาย,Mae Ai,50,เชียงใหม่,Chiang Mai,N,477,3372,992444,268.31,1896.75,2165.06,558249.75,0.3878
11,พร้าว,Phrao,50,เชียงใหม่,Chiang Mai,N,110,1385,1520478,61.88,779.06,840.94,855268.88,0.0983
12,สันป่าตอง,San Patong,50,เชียงใหม่,Chiang Mai,N,221,1705,210633,124.31,959.06,1083.38,118481.06,0.9144
13,สันกำแพง,San Kamphang,50,เชียงใหม่,Chiang Mai,N,200,1725,289253,112.5,970.31,1082.81,162704.81,0.6655
14,สันทราย,San Sai,50,เชียงใหม่,Chiang Mai,N,103,2096,407877,57.94,1179.0,1236.94,229430.81,0.5391
15,หางดง,Hang Dong,50,เชียงใหม่,Chiang Mai,N,59,780,322542,33.19,438.75,471.94,181429.88,0.2601
16,ฮอด,Hot,50,เชียงใหม่,Chiang Mai,N,451,2508,1764365,253.69,1410.75,1664.44,992455.31,0.1677
17,ดอยเต่า,Doi Tao,50,เชียงใหม่,Chiang Mai,N,1529,6128,1003733,860.06,3447.0,4307.06,564599.81,0.7629
18,อมก๋อย,Omkoi,50,เชียงใหม่,Chiang Mai,N,61,2979,3515069,34.31,1675.69,1710.0,1977226.31,0.0865
19,สารภี,Saraphi,50,เชียงใหม่,Chiang Mai,N,30,268,127633,16.88,150.75,167.62,71793.56,0.2335
20,เวียงแหง,Wiang Haeng,50,เชียงใหม่,Chiang Mai,N,23,1015,898812,12.94,570.94,583.88,505581.75,0.1155
21,ไชยปราการ,Chai Pakan,50,เชียงใหม่,Chiang Mai,N,131,1187,593481,73.69,667.69,741.38,333833.06,0.2221
22,แม่วาง,Mae Wang,50,เชียงใหม่,Chiang Mai,N,32,1846,733691,18.0,1038.38,1056.38,412701.19,0.256
23,แม่ออน,Mae On,50,เชียงใหม่,Chiang Mai,N,90,1596,558000,50.62,897.75,948.38,313875.0,0.3022
24,ดอยหล่อ,Doi Lo,50,เชียงใหม่,Chiang Mai,N,124,2060,262333,69.75,1158.75,1228.5,147562.31,0.8325
25,กัลยาณิวัฒนา,Kanlaya Ni Watthana,50,เชียงใหม่,Chiang Mai,N,9,139,619423,5.06,78.19,83.25,348425.44,0.0239
01,เมืองลำพูน,Mueang Lamphun,51,ลำพูน,Lamphun,N,280,2184,566508,157.5,1228.5,1386.0,318660.75,0.4349
02,แม่ทา,Mae Tha,51,ลำพูน,Lamphun,N,252,2673,902390,141.75,1503.56,1645.31,507594.38,0.3241
03,บ้านโฮ่ง,Ban Hong,51,ลำพูน,Lamphun,N,210,938,596812,118.12,527.62,645.75,335706.75,0.1924
04,ลี้,Li,51,ลำพูน,Lamphun,N,1700,2540,2112836,956.25,1428.75,2385.0,1188470.25,0.2007
05,ทุ่งหัวช้าง,Thung Hua Chang,51,ลำพูน,Lamphun,N,357,736,541025,200.81,414.0,614.81,304326.56,0.202
06,ป่าซาง,Pa Sang,51,ลำพูน,Lamphun,N,485,2481,346368,272.81,1395.56,1668.38,194832.0,0.8563
07,บ้านธิ,Ban Thi,51,ลำพูน,Lamphun,N,43,603,161003,24.19,339.19,363.38,90564.19,0.4012
08,เวียงหนองล่อง,Wiang Nong Long,51,ลำพูน,Lamphun,N,38,158,65077,21.38,88.88,110.25,36605.81,0.3012
01,เมืองลำปาง,Mueang Lampang,52,ลำปาง,Lampang,N,350,3106,1408844,196.88,1747.12,1944.0,792474.75,0.2453
02,แม่เมาะ,Mae Mo,52,ลำปาง,Lampang,N,49,167,1339242,27.56,93.94,121.5,753323.62,0.0161
03,เกาะคา,Ko Kha,52,ลำปาง,Lampang,N,21,43,605408,11.81,24.19,36.0,340542.0,0.0106
04,เสริมงาม,Soem Ngam,52,ลำปาง,Lampang,N,0,11,871211,0.0,6.19,6.19,490056.19,0.0013
05,งาว,Ngao,52,ลำปาง,Lampang,N,54,381,1804390,30.38,214.31,244.69,1014969.38,0.0241
06,แจ้ห่ม,Chae Hom,52,ลำปาง,Lampang,N,65,132,1350877,36.56,74.25,110.81,759868.31,0.0146
07,วังเหนือ,Wang Nuea,52,ลำปาง,Lampang,N,10,233,1092082,5.62,131.06,136.69,614296.12,0.0223
08,เถิน,Thoen,52,ลำปาง,Lampang,N,43,251,2090978,24.19,141.19,165.38,1176175.12,0.0141
09,แม่พริก,Mae Phrik,52,ลำปาง,Lampang,N,28,76,777783,15.75,42.75,58.5,437502.94,0.0134
10,แม่ทะ,Mae Tha,52,ลำปาง,Lampang,N,22,263,953797,12.38,147.94,160.31,536510.81,0.0299
11,สบปราบ,Som Prap,52,ลำปาง,Lampang,N,9,42,583581,5.06,23.62,28.69,328264.31,0.0087
12,ห้างฉัตร,Hang Chat,52,ลำปาง,Lampang,N,29,1154,722767,16.31,649.12,665.44,406556.44,0.1637
13,เมืองปาน,Mueang Pan,52,ลำปาง,Lampang,N,10,92,1155879,5.62,51.75,57.38,650181.94,0.0088
01,เมืองอุตรดิตถ์,Mueang Auttaradit,53,อุตรดิตถ์,Uttaradit,N,72,949,952273,40.5,533.81,574.31,535653.56,0.1072
02,ตรอน,Tron,53,อุตรดิตถ์,Uttaradit,N,0,9,366664,0.0,5.06,5.06,206248.5,0.0025
03,ท่าปลา,Thapa,53,อุตรดิตถ์,Uttaradit,N,35,564,1354608,19.69,317.25,336.94,761967.0,0.0442
04,น้ำปาด,Nam Pat,53,อุตรดิตถ์,Uttaradit,N,97,959,2478078,54.56,539.44,594.0,1393918.88,0.0426
05,ฟากท่า,Fak Tha,53,อุตรดิตถ์,Uttaradit,N,0,175,760540,0.0,98.44,98.44,427803.75,0.023
06,บ้านโคก,Ban Khok,53,อุตรดิตถ์,Uttaradit,N,235,2785,1164173,132.19,1566.56,1698.75,654847.31,0.2594
07,พิชัย,Phichai,53,อุตรดิตถ์,Uttaradit,N,157,106,816994,88.31,59.62,147.94,459559.12,0.0322
08,ลับแล,Laplae,53,อุตรดิตถ์,Uttaradit,N,90,1183,552264,50.62,665.44,716.06,310648.5,0.2305
09,ทองแสนขัน,Thong saengkhan,53,อุตรดิตถ์,Uttaradit,N,51,714,865336,28.69,401.62,430.31,486751.5,0.0884
01,เมืองแพร่,Mueang phrae,54,แพร่,Phrae,N,11,214,938260,6.19,120.38,126.56,527771.25,0.024
02,ร้องกวาง,Rong Kwang,54,แพร่,Phrae,N,0,1921,1022308,0.0,1080.56,1080.56,575048.25,0.1879
03,ลอง,Long,54,แพร่,Phrae,N,0,325,1483818,0.0,182.81,182.81,834647.62,0.0219
04,สูงเม่น,Sungmen,54,แพร่,Phrae,N,0,26,432752,0.0,14.62,14.62,243423.0,0.006
05,เด่นชัย,Denchai,54,แพร่,Phrae,N,0,75,643712,0.0,42.19,42.19,362088.0,0.0117
06,สอง,Song,54,แพร่,Phrae,N,29,1180,1789083,16.31,663.75,680.06,1006359.19,0.0676
07,วังชิ้น,Wang Chin,54,แพร่,Phrae,N,0,1250,1185978,0.0,703.12,703.12,667112.62,0.1054
08,หนองม่วงไข่,Nong Muang Khai,54,แพร่,Phrae,N,0,0,160486,0.0,0.0,0.0,90273.38,0.0
01,เมืองน่าน,Mueang Nan,55,น่าน,Nan,N,76,1464,1176556,42.75,823.5,866.25,661812.75,0.1309
02,แม่จริม,Mae Charim,55,น่าน,Nan,N,10,542,1230266,5.62,304.88,310.5,692024.62,0.0449
03,บ้านหลวง,Ban Luang,55,น่าน,Nan,N,0,192,450331,0.0,108.0,108.0,253311.19,0.0426
04,นาน้อย,Na Noi,55,น่าน,Nan,N,49,3762,1275408,27.56,2116.12,2143.69,717417.0,0.2988
05,ปัว,Pua,55,น่าน,Nan,N,10,642,966897,5.62,361.12,366.75,543879.56,0.0674
06,ท่าวังผา,Tha Wangpha,55,น่าน,Nan,N,76,1290,911886,42.75,725.62,768.38,512935.88,0.1498
07,เวียงสา,Wiang Sa,55,น่าน,Nan,N,83,4559,2552786,46.69,2564.44,2611.12,1435942.12,0.1818
08,ทุ่งช้าง,Thung Chang,55,น่าน,Nan,N,74,155,841243,41.62,87.19,128.81,473199.19,0.0272
09,เชียงกลาง,Chiang Klang,55,น่าน,Nan,N,19,297,372620,10.69,167.06,177.75,209598.75,0.0848
10,นาหมื่น,Na Mun,55,น่าน,Nan,N,26,907,1111662,14.62,510.19,524.81,625309.88,0.0839
11,สันติสุข,Santisuk,55,น่าน,Nan,N,0,74,464031,0.0,41.62,41.62,261017.44,0.0159
12,บ่อเกลือ,Bokuai,55,น่าน,Nan,N,0,0,1094600,0.0,0.0,0.0,615712.5,0.0
13,สองแคว,Song Khwae,55,น่าน,Nan,N,0,706,711255,0.0,397.12,397.12,400080.94,0.0993
14,ภูเพียง,Phuphiang,55,น่าน,Nan,N,87,570,533506,48.94,320.62,369.56,300097.12,0.1231
15,เฉลิมพระเกียรติ,Chaloem Phra kiat,55,น่าน,Nan,N,0,120,674775,0.0,67.5,67.5,379560.94,0.0178
01,เมืองพะเยา,Mueang Phayao,56,พะเยา,Phayao,N,311,1019,1050962,174.94,573.19,748.12,591166.12,0.1266
02,จุน,Chun,56,พะเยา,Phayao,N,380,266,631254,213.75,149.62,363.38,355080.38,0.1023
03,เชียงคำ,Chiang Kham,56,พะเยา,Phayao,N,305,393,1001885,171.56,221.06,392.62,563560.31,0.0697
04,เชียงม่วน,Chiang Muan,56,พะเยา,Phayao,N,9,746,827044,5.06,419.62,424.69,465212.25,0.0913
05,ดอกคำใต้,Dok Kham Tai,56,พะเยา,Phayao,N,80,208,885962,45.0,117.0,162.0,498353.62,0.0325
06,ปง,Pong,56,พะเยา,Phayao,N,46,689,2002722,25.88,387.56,413.44,1126531.12,0.0367
07,แม่ใจ,Mae Chai,56,พะเยา,Phayao,N,56,244,351689,31.5,137.25,168.75,197825.06,0.0853
08,ภูซาง,Phu Sang,56,พะเยา,Phayao,N,9,29,351291,5.06,16.31,21.38,197601.19,0.0108
09,ภูกามยาว,Phu Kam Yao,56,พะเยา,Phayao,N,10,63,252055,5.62,35.44,41.06,141780.94,0.029
01,เมืองเชียงราย,Mueang Chiang Rai,57,เชียงราย,Chiangrai,N,1355,5506,1889474,762.19,3097.12,3859.31,1062829.12,0.3631
02,เวียงชัย,Wiang Chai,57,เชียงราย,Chiangrai,N,198,131,416273,111.38,73.69,185.06,234153.56,0.079
03,เชียงของ,Chiang Khong,57,เชียงราย,Chiangrai,N,89,371,910436,50.06,208.69,258.75,512120.25,0.0505
04,เทิง,Thoeng,57,เชียงราย,Chiangrai,N,425,966,1018300,239.06,543.38,782.44,572793.75,0.1366
05,พาน,Phan,57,เชียงราย,Chiangrai,N,109,727,1161341,61.31,408.94,470.25,653254.31,0.072
06,ป่าแดด,Padaet,57,เชียงราย,Chiangrai,N,111,133,305956,62.44,74.81,137.25,172100.25,0.0798
07,แม่จัน,Mae Chan,57,เชียงราย,Chiangrai,N,764,821,796542,429.75,461.81,891.56,448054.88,0.199
08,เชียงแสน,Chiangsaen,57,เชียงราย,Chiangrai,N,538,687,545264,302.62,386.44,689.06,306711.0,0.2247
09,แม่สาย,Mae Sai,57,เชียงราย,Chiangrai,N,50,82,364767,28.12,46.12,74.25,205181.44,0.0362
10,แม่สรวย,Mae Saluai,57,เชียงราย,Chiangrai,N,456,2177,1666478,256.5,1224.56,1481.06,937393.88,0.158
11,เวียงป่าเป้า,Wiang Papao,57,เชียงราย,Chiangrai,N,178,1017,1468034,100.12,572.06,672.19,825769.12,0.0814
12,พญาเม็งราย,Phaya Mengrai,57,เชียงราย,Chiangrai,N,233,148,561025,131.06,83.25,214.31,315576.56,0.0679
13,เวียงแก่น,Wiang Kaen,57,เชียงราย,Chiangrai,N,97,302,550174,54.56,169.88,224.44,309472.88,0.0725
14,ขุนตาล,Khun Tan,57,เชียงราย,Chiangrai,N,328,140,315686,184.5,78.75,263.25,177573.38,0.1482
15,แม่ฟ้าหลวง,Mae Faluang,57,เชียงราย,Chiangrai,N,243,1597,792383,136.69,898.31,1035.0,445715.44,0.2322
16,แม่ลาว,Mae Lao,57,เชียงราย,Chiangrai,N,30,171,257943,16.88,96.19,113.06,145092.94,0.0779
17,เวียงเชียงรุ้ง,Wiang Chiang Rung,57,เชียงราย,Chiangrai,N,784,234,327029,441.0,131.62,572.62,183953.81,0.3113
18,ดอยหลวง,Doi Luang,57,เชียงราย,Chiangrai,N,249,351,379007,140.06,197.44,337.5,213191.44,0.1583
01,เมืองแม่ฮ่องสอน,Mueang Mae Hong Son,58,แม่ฮ่องสอน,Mae Hong Son,N,32,288,2751106,18.0,162.0,180.0,1547497.12,0.0116
02,ขุนยวม,Khun Yuam,58,แม่ฮ่องสอน,Mae Hong Son,N,0,244,1917774,0.0,137.25,137.25,1078747.88,0.0127
03,ปาย,Phai,58,แม่ฮ่องสอน,Mae Hong Son,N,37,1334,2710875,20.81,750.38,771.19,1524867.19,0.0506
04,แม่สะเรียง,Mae Sariang,58,แม่ฮ่องสอน,Mae Hong Son,N,23,317,3111396,12.94,178.31,191.25,1750160.25,0.0109
05,แม่ลาน้อย,Mae La Noi,58,แม่ฮ่องสอน,Mae Hong Son,N,0,151,1618993,0.0,84.94,84.94,910683.56,0.0093
06,สบเมย,Sop Moei,58,แม่ฮ่องสอน,Mae Hong Son,N,56,168,1697845,31.5,94.5,126.0,955037.81,0.0132
07,ปางมะผ้า,Pang Mapha,58,แม่ฮ่องสอน,Mae Hong Son,N,0,11,1305713,0.0,6.19,6.19,734463.56,0.0008
01,เมืองนครสวรรค์,Mueang Nakhon Sawan,60,นครสวรรค์,Nakhon Sawan,C,2907,6060,853794,1635.19,3408.75,5043.94,480259.12,1.0503
02,โกรกพระ,Krok Phra,60,นครสวรรค์,Nakhon Sawan,C,350,604,350849,196.88,339.75,536.62,197352.56,0.2719
03,ชุมแสง,Chum Saeng,60,นครสวรรค์,Nakhon Sawan,C,150,835,656754,84.38,469.69,554.06,369424.12,0.15
04,หนองบัว,Nongbua,60,นครสวรรค์,Nakhon Sawan,C,1112,1537,957788,625.5,864.56,1490.06,538755.75,0.2766
05,บรรพตพิสัย,Banphot Phisai,60,นครสวรรค์,Nakhon Sawan,C,218,1510,841600,122.62,849.38,972.0,473400.0,0.2053
06,เก้าเลี้ยว,Kao Liew,60,นครสวรรค์,Nakhon Sawan,C,89,414,275867,50.06,232.88,282.94,155175.19,0.1823
07,ตาคลี,Ta Khi,60,นครสวรรค์,Nakhon Sawan,C,1216,1928,963694,684.0,1084.5,1768.5,542077.88,0.3262
08,ท่าตะโก,Tha Ta Ko,60,นครสวรรค์,Nakhon Sawan,C,474,1218,980812,266.62,685.12,951.75,551706.75,0.1725
09,ไพศาลี,Phai Sali,60,นครสวรรค์,Nakhon Sawan,C,256,674,1138774,144.0,379.12,523.12,640560.38,0.0817
10,พยุหะคีรี,Phayuhakhiri,60,นครสวรรค์,Nakhon Sawan,C,293,1615,769292,164.81,908.44,1073.25,432726.75,0.248
11,ลาดยาว,Lat Yao,60,นครสวรรค์,Nakhon Sawan,C,86,600,862447,48.38,337.5,385.88,485126.44,0.0795
12,ตากฟ้า,Tak Fa,60,นครสวรรค์,Nakhon Sawan,C,224,171,570934,126.0,96.19,222.19,321150.38,0.0692
13,แม่วงก์,Mae Wong,60,นครสวรรค์,Nakhon Sawan,C,104,430,1194329,58.5,241.88,300.38,671810.06,0.0447
14,แม่เปิน,Mae Wong,60,นครสวรรค์,Nakhon Sawan,C,76,609,399410,42.75,342.56,385.31,224668.12,0.1715
15,ชุมตาบง,Chum Ta Bong,60,นครสวรรค์,Nakhon Sawan,C,65,103,291099,36.56,57.94,94.5,163743.19,0.0577
01,เมืองอุทัยธานี,Mueang Uthai Thani,61,อุทัยธานี,Uthai Thani,C,602,1828,267960,338.62,1028.25,1366.88,150727.5,0.9069
02,ทัพทัน,Thap Than,61,อุทัยธานี,Uthai Thani,C,52,931,427809,29.25,523.69,552.94,240642.56,0.2298
03,สว่างอารมณ์,Sawang Arom,61,อุทัยธานี,Uthai Thani,C,383,505,507245,215.44,284.06,499.5,285325.31,0.1751
04,หนองฉาง,Nong Chang,61,อุทัยธานี,Uthai Thani,C,133,873,402233,74.81,491.06,565.88,226256.06,0.2501
05,หนองขาหย่าง,Nong Kha Yang,61,อุทัยธานี,Uthai Thani,C,301,1398,195953,169.31,786.38,955.69,110223.56,0.867
06,บ้านไร่,Ban Rai,61,อุทัยธานี,Uthai Thani,C,879,1367,3817520,494.44,768.94,1263.38,2147355.0,0.0588
07,ลานสัก,Lan Sak,61,อุทัยธานี,Uthai Thani,C,232,2798,1680592,130.5,1573.88,1704.38,945333.0,0.1803
08,ห้วยคต,Huai Khot,61,อุทัยธานี,Uthai Thani,C,177,832,437638,99.56,468.0,567.56,246171.38,0.2306
01,เมืองกำแพงเพชร,Mueang Kampaeng Phet,62,กำแพงเพชร,Kampaeng Phet,C,1373,2252,1727289,772.31,1266.75,2039.06,971600.06,0.2099
02,ไทรงาม,Sai Ngam,62,กำแพงเพชร,Kampaeng Phet,C,50,55,635943,28.12,30.94,59.06,357717.94,0.0165
03,คลองลาน,Khlong Lan,62,กำแพงเพชร,Kampaeng Phet,C,527,928,1693304,296.44,522.0,818.44,952483.5,0.0859
04,ขาณุวรลักษบุรี,Khanu Woralaksaburi,62,กำแพงเพชร,Kampaeng Phet,C,431,2091,1351453,242.44,1176.19,1418.62,760192.31,0.1866
05,คลองขลุง,Khlong khlung,62,กำแพงเพชร,Kampaeng Phet,C,485,1488,834211,272.81,837.0,1109.81,469243.69,0.2365
06,พรานกระต่าย,Phran Kratai,62,กำแพงเพชร,Kampaeng Phet,C,566,2932,1161238,318.38,1649.25,1967.62,653196.38,0.3012
07,ลานกระบือ,Krabu,62,กำแพงเพชร,Kampaeng Phet,C,99,80,478917,55.69,45.0,100.69,269390.81,0.0374
08,ทรายทองวัฒนา,Sai Thong Phattana,62,กำแพงเพชร,Kampaeng Phet,C,33,44,241125,18.56,24.75,43.31,135632.81,0.0319
09,ปางศิลาทอง,Pang Sila Thong,62,กำแพงเพชร,Kampaeng Phet,C,48,163,878155,27.0,91.69,118.69,493962.19,0.024
10,บึงสามัคคี,Bung Samakkhi,62,กำแพงเพชร,Kampaeng Phet,C,143,200,324061,80.44,112.5,192.94,182284.31,0.1058
11,โกสัมพีนคร,Kosamphi Nakhon,62,กำแพงเพชร,Kampaeng Phet,C,566,337,633733,318.38,189.56,507.94,356474.81,0.1425
01,เมืองตาก,Mueang Tak,63,ตาก,Tak,W,868,3070,2256153,488.25,1726.88,2215.12,1269086.06,0.1745
02,บ้านตาก,Ban Tak,63,ตาก,Tak,W,157,1650,1206259,88.31,928.12,1016.44,678520.69,0.1498
03,สามเงา,Samngao,63,ตาก,Tak,W,351,826,3072297,197.44,464.62,662.06,1728167.06,0.0383
04,แม่ระมาด,Mae Ramat,63,ตาก,Tak,W,147,1091,1768526,82.69,613.69,696.38,994795.88,0.07
05,ท่าสองยาง,Tha Songyang,63,ตาก,Tak,W,68,857,2286636,38.25,482.06,520.31,1286232.75,0.0405
06,แม่สอด,Mae Sot,63,ตาก,Tak,W,477,1568,1860498,268.31,882.0,1150.31,1046530.12,0.1099
07,พบพระ,Phop Phra,63,ตาก,Tak,W,269,1238,1149783,151.31,696.38,847.69,646752.94,0.1311
08,อุ้มผาง,Um Phang,63,ตาก,Tak,W,13,4048,5612172,7.31,2277.0,2284.31,3156846.75,0.0724
09,วังเจ้า,Wang Chao,63,ตาก,Tak,W,700,917,840960,393.75,515.81,909.56,473040.0,0.1923
01,เมืองสุโขทัย,Mueang Sukhothai,64,สุโขทัย,Sukhothai,C,722,460,649957,406.12,258.75,664.88,365600.81,0.1819
02,บ้านด่านลานหอย,Bandan Lanhoi,64,สุโขทัย,Sukhothai,C,515,1921,1083803,289.69,1080.56,1370.25,609639.19,0.2248
03,คีรีมาศ,Khiri Mat,64,สุโขทัย,Sukhothai,C,314,387,796748,176.62,217.69,394.31,448170.75,0.088
04,กงไกรลาศ,Kong Kai Lat,64,สุโขทัย,Sukhothai,C,75,187,534575,42.19,105.19,147.38,300698.44,0.049
05,ศรีสัชนาลัย,Si Satchanalai,64,สุโขทัย,Sukhothai,C,351,5981,2483783,197.44,3364.31,3561.75,1397127.94,0.2549
06,ศรีสำโรง,Si Samrong,64,สุโขทัย,Sukhothai,C,176,414,657192,99.0,232.88,331.88,369670.5,0.0898
07,สวรรคโลก,Sawan Khalok,64,สุโขทัย,Sukhothai,C,712,107,728987,400.5,60.19,460.69,410055.19,0.1123
08,ศรีนคร,Si Nakhon,64,สุโขทัย,Sukhothai,C,42,20,217494,23.62,11.25,34.88,122340.38,0.0285
09,ทุ่งเสลี่ยม,Thung Saliam,64,สุโขทัย,Sukhothai,C,175,176,687023,98.44,99.0,197.44,386450.44,0.0511
01,เมืองพิษณุโลก,Mueang Phitsanu Lok,65,พิษณุโลก,Phitsanu Lok,C,698,3012,840350,392.62,1694.25,2086.88,472696.88,0.4415
02,นครไทย,Nakhon Thai,65,พิษณุโลก,Phitsanu Lok,C,4817,16625,2766907,2709.56,9351.56,12061.12,1556385.19,0.7749
03,ชาติตระการ,Chattakan,65,พิษณุโลก,Phitsanu Lok,C,497,2574,1941162,279.56,1447.88,1727.44,1091903.62,0.1582
04,บางระกำ,Bang Rakam,65,พิษณุโลก,Phitsanu Lok,C,371,1000,1133614,208.69,562.5,771.19,637657.88,0.1209
05,บางกระทุ่ม,Bang Krathum,65,พิษณุโลก,Phitsanu Lok,C,78,224,414506,43.88,126.0,169.88,233159.62,0.0729
06,พรหมพิราม,Phom Phiram,65,พิษณุโลก,Phitsanu Lok,C,128,345,968877,72.0,194.06,266.06,544993.31,0.0488
07,วัดโบสถ์,Wat Bot,65,พิษณุโลก,Phitsanu Lok,C,1780,1417,1041249,1001.25,797.06,1798.31,585702.56,0.307
08,วังทอง,Wang Thong,65,พิษณุโลก,Phitsanu Lok,C,1663,4961,2008293,935.44,2790.56,3726.0,1129664.81,0.3298
09,เนินมะปราง,Noen Mapang,65,พิษณุโลก,Phitsanu Lok,C,1343,5519,1297873,755.44,3104.44,3859.88,730053.56,0.5287
01,เมืองพิจิตร,Mueang Phichit,66,พิจิตร,Phichit,C,612,799,640583,344.25,449.44,793.69,360327.94,0.2203
02,วังทรายพูน,Wang Sai Phun,66,พิจิตร,Phichit,C,109,276,300936,61.31,155.25,216.56,169276.5,0.1279
03,โพธิ์ประทับช้าง,Pho Prathap Chang,66,พิจิตร,Phichit,C,36,467,473046,20.25,262.69,282.94,266088.38,0.1063
04,ตะพานหิน,Taphan Hin,66,พิจิตร,Phichit,C,48,315,518086,27.0,177.19,204.19,291423.38,0.0701
05,บางมูลนาก,Bang Mun Nak,66,พิจิตร,Phichit,C,43,93,458943,24.19,52.31,76.5,258155.44,0.0296
06,โพทะเล,Pho Thale,66,พิจิตร,Phichit,C,93,749,612476,52.31,421.31,473.62,344517.75,0.1375
07,สามง่าม,Sam Ngam,66,พิจิตร,Phichit,C,185,233,427381,104.06,131.06,235.12,240401.81,0.0978
08,ทับคล้อ,Thap Khlo,66,พิจิตร,Phichit,C,599,732,479006,336.94,411.75,748.69,269440.88,0.2779
09,สากเหล็ก,Sak Lek,66,พิจิตร,Phichit,C,200,1058,205776,112.5,595.12,707.62,115749.0,0.6113
10,บึงนาราง,Bung Na Rang,66,พิจิตร,Phichit,C,161,125,345078,90.56,70.31,160.88,194106.38,0.0829
11,ดงเจริญ,Dong Charoen,66,พิจิตร,Phichit,C,340,53,271609,191.25,29.81,221.06,152780.06,0.1447
12,วชิรบารมี,Wachira Barami,66,พิจิตร,Phichit,C,32,130,325124,18.0,73.12,91.12,182882.25,0.0498
01,เมืองเพชรบูรณ์,Mueang Phetchabun,67,เพชรบูรณ์,Phetchabun,C,2995,7184,2628679,1684.69,4041.0,5725.69,1478631.94,0.3872
02,ชนแดน,Chondaen,67,เพชรบูรณ์,Phetchabun,C,4842,11003,1300692,2723.62,6189.19,8912.81,731639.25,1.2182
03,หล่มสัก,Lhomsak,67,เพชรบูรณ์,Phetchabun,C,912,3706,1654743,513.0,2084.62,2597.62,930792.94,0.2791
04,หล่มเก่า,Lhomkao,67,เพชรบูรณ์,Phetchabun,C,572,9320,1130290,321.75,5242.5,5564.25,635788.12,0.8752
05,วิเชียรบุรี,Wachian Buri,67,เพชรบูรณ์,Phetchabun,C,1792,1224,1727014,1008.0,688.5,1696.5,971445.38,0.1746
06,ศรีเทพ,Si Thep,67,เพชรบูรณ์,Phetchabun,C,2075,1557,946868,1167.19,875.81,2043.0,532613.25,0.3836
07,หนองไผ่,Nong Phai,67,เพชรบูรณ์,Phetchabun,C,1237,3229,1468222,695.81,1816.31,2512.12,825874.88,0.3042
08,บึงสามพัน,Bung Samphan,67,เพชรบูรณ์,Phetchabun,C,2174,885,920005,1222.88,497.81,1720.69,517502.81,0.3325
09,น้ำหนาว,Nam Nao,67,เพชรบูรณ์,Phetchabun,C,853,1543,1090154,479.81,867.94,1347.75,613211.62,0.2198
10,วังโป่ง,Wang Pong,67,เพชรบูรณ์,Phetchabun,C,708,9059,579816,398.25,5095.69,5493.94,326146.5,1.6845
11,เขาค้อ,Khao Khlo,67,เพชรบูรณ์,Phetchabun,C,1324,12374,961094,744.75,6960.38,7705.12,540615.38,1.4253
01,เมืองราชบุรี,Mueang Ratchaburi,70,ราชบุรี,Ratchaburi,W,857,960,554827,482.06,540.0,1022.06,312090.19,0.3275
02,จอมบึง,Chom Bung,70,ราชบุรี,Ratchaburi,W,5642,2577,916792,3173.62,1449.56,4623.19,515695.5,0.8965
03,สวนผึ้ง,Suan Phung,70,ราชบุรี,Ratchaburi,W,1823,3613,1150210,1025.44,2032.31,3057.75,646993.12,0.4726
04,ดำเนินสะดวก,Dam Noen Saduak,70,ราชบุรี,Ratchaburi,W,0,0,244124,0.0,0.0,0.0,137319.75,0.0
05,บ้านโป่ง,Banpong,70,ราชบุรี,Ratchaburi,W,256,634,404208,144.0,356.62,500.62,227367.0,0.2202
06,บางแพ,Bang Phae,70,ราชบุรี,Ratchaburi,W,24,112,211452,13.5,63.0,76.5,118941.75,0.0643
07,โพธาราม,Photharam,70,ราชบุรี,Ratchaburi,W,593,953,560593,333.56,536.06,869.62,315333.56,0.2758
08,ปากท่อ,Paktho,70,ราชบุรี,Ratchaburi,W,3194,4001,929336,1796.62,2250.56,4047.19,522751.5,0.7742
09,วัดเพลง,Wat Phleng,70,ราชบุรี,Ratchaburi,W,0,0,43829,0.0,0.0,0.0,24653.81,0.0
10,บ้านคา,Ban Kha,70,ราชบุรี,Ratchaburi,W,184,2475,981347,103.5,1392.19,1495.69,552007.69,0.271
01,เมืองกาญจนบุรี,Mueang Kanchanaburi,71,กาญจนบุรี,Kanchanaburi,W,1305,1982,1720900,734.06,1114.88,1848.94,968006.25,0.191
02,ไทรโยค,Sai Yok,71,กาญจนบุรี,Kanchanaburi,W,2302,2242,2988128,1294.88,1261.12,2556.0,1680822.0,0.1521
03,บ่อพลอย,Bo Phloi,71,กาญจนบุรี,Kanchanaburi,W,493,904,1365745,277.31,508.5,785.81,768231.56,0.1023
04,ศรีสวัสดิ์,Si Sawat,71,กาญจนบุรี,Kanchanaburi,W,158,416,3488130,88.88,234.0,322.88,1962073.12,0.0165
05,ท่ามะกา,Tha Maka,71,กาญจนบุรี,Kanchanaburi,W,67,56,460773,37.69,31.5,69.19,259184.81,0.0267
06,ท่าม่วง,Tha Muang,71,กาญจนบุรี,Kanchanaburi,W,535,488,668344,300.94,274.5,575.44,375943.5,0.1531
07,ทองผาภูมิ,Thong Phaphum,71,กาญจนบุรี,Kanchanaburi,W,1387,2276,4489843,780.19,1280.25,2060.44,2525536.69,0.0816
08,สังขละบุรี,Sangkha Buri,71,กาญจนบุรี,Kanchanaburi,W,349,3664,3675202,196.31,2061.0,2257.31,2067301.12,0.1092
09,พนมทวน,Phanom Thuan,71,กาญจนบุรี,Kanchanaburi,W,64,140,531507,36.0,78.75,114.75,298972.69,0.0384
10,เลาขวัญ,Lao Khwan,71,กาญจนบุรี,Kanchanaburi,W,271,1372,1154224,152.44,771.75,924.19,649251.0,0.1423
11,ด่านมะขามเตี้ย,Dan Makham Tia,71,กาญจนบุรี,Kanchanaburi,W,551,530,682312,309.94,298.12,608.06,383800.5,0.1584
12,หนองปรือ,Nong Prue,71,กาญจนบุรี,Kanchanaburi,W,35,100,610588,19.69,56.25,75.94,343455.75,0.0221
13,ห้วยกระเจา,Huai Krachao,71,กาญจนบุรี,Kanchanaburi,W,108,227,629791,60.75,127.69,188.44,354257.44,0.0532
01,เมืองสุพรรณบุรี,Mueang Saphan Buri,72,สุพรรณบุรี,Suphan Buri,C,87,454,564245,48.94,255.38,304.31,317387.81,0.0959
02,เดิมบางนางบวช,Doem Bang Nang Buat,72,สุพรรณบุรี,Suphan Buri,C,114,254,590846,64.12,142.88,207.0,332350.88,0.0623
03,ด่านช้าง,Dan Chang,72,สุพรรณบุรี,Suphan Buri,C,986,639,1430193,554.62,359.44,914.06,804483.56,0.1136
04,บางปลาม้า,Bang Pa Ma,72,สุพรรณบุรี,Suphan Buri,C,179,490,576003,100.69,275.62,376.31,324001.69,0.1161
05,ศรีประจันต์,Si Prachan,72,สุพรรณบุรี,Suphan Buri,C,62,65,322865,34.88,36.56,71.44,181611.56,0.0393
06,ดอนเจดีย์,Don Chadi,72,สุพรรณบุรี,Suphan Buri,C,246,88,374057,138.38,49.5,187.88,210407.06,0.0893
07,สองพี่น้อง,Song Phi Nong,72,สุพรรณบุรี,Suphan Buri,C,419,627,835308,235.69,352.69,588.38,469860.75,0.1252
08,สามชุก,Sam Chuk,72,สุพรรณบุรี,Suphan Buri,C,57,146,345180,32.06,82.12,114.19,194163.75,0.0588
09,อู่ทอง,U Thong,72,สุพรรณบุรี,Suphan Buri,C,229,160,744669,128.81,90.0,218.81,418876.31,0.0522
10,หนองหญ้าไซ,Nong Ya Sai,72,สุพรรณบุรี,Suphan Buri,C,81,31,498376,45.56,17.44,63.0,280336.5,0.0225
01,เมืองนครปฐม,Mueang Nakhon Prathom,73,นครปฐม,Nakhon Prathom,C,452,1718,476220,254.25,966.38,1220.62,267873.75,0.4557
02,กำแพงแสน,Kam Paeng Saen,73,นครปฐม,Nakhon Prathom,C,892,1830,558349,501.75,1029.38,1531.12,314071.31,0.4875
03,นครชัยศรี,Nakhon Chai Si,73,นครปฐม,Nakhon Prathom,C,242,933,301854,136.12,524.81,660.94,169792.88,0.3893
04,ดอนตูม,Don Tum,73,นครปฐม,Nakhon Prathom,C,78,494,175342,43.88,277.88,321.75,98629.88,0.3262
05,บางเลน,Bang Len,73,นครปฐม,Nakhon Prathom,C,622,1805,626530,349.88,1015.31,1365.19,352423.12,0.3874
06,สามพราน,Sam Phran,73,นครปฐม,Nakhon Prathom,C,0,74,266065,0.0,41.62,41.62,149661.56,0.0278
07,พุทธมณฑล,Phuttamonthon,73,นครปฐม,Nakhon Prathom,C,11,41,78848,6.19,23.06,29.25,44352.0,0.0659
01,เมืองสมุทรสาคร,Mueang Samut Sakhon,74,สมุทรสาคร,Samut Sakhon,C,114,854,530929,64.12,480.38,544.5,298647.56,0.1823
02,กระทุ่มแบน,Krathumbaen,74,สมุทรสาคร,Samut Sakhon,C,20,104,151577,11.25,58.5,69.75,85262.06,0.0818
03,บ้านแพ้ว,Ban Paeo,74,สมุทรสาคร,Samut Sakhon,C,57,189,319894,32.06,106.31,138.38,179940.38,0.0769
01,เมืองสมุทรสงคราม,Mueang Samut Songkham,75,สมุทรสงคราม,Samut Songkham,C,0,37,203471,0.0,20.81,20.81,114452.44,0.0182
02,บางคนที,Bang Khonthi,75,สมุทรสงคราม,Samut Songkham,C,0,0,77877,0.0,0.0,0.0,43805.81,0.0
03,อัมพวา,Amphawa,75,สมุทรสงคราม,Samut Songkham,C,24,230,198701,13.5,129.38,142.88,111769.31,0.1278
01,เมืองเพชรบุรี,Mueang Phetchaburi,76,เพชรบุรี,Phetchaburi,W,189,359,333033,106.31,201.94,308.25,187331.06,0.1645
02,เขาย้อย,Khao Yoi,76,เพชรบุรี,Phetchaburi,W,524,2519,365880,294.75,1416.94,1711.69,205807.5,0.8317
03,หนองหญ้าปล้อง,Nong Ya Plong,76,เพชรบุรี,Phetchaburi,W,875,5064,1414101,492.19,2848.5,3340.69,795431.81,0.42
04,ชะอำ,Cha Am,76,เพชรบุรี,Phetchaburi,W,1291,8140,604282,726.19,4578.75,5304.94,339908.62,1.5607
05,ท่ายาง,Tha Yang,76,เพชรบุรี,Phetchaburi,W,741,4587,900462,416.81,2580.19,2997.0,506509.88,0.5917
06,บ้านลาด,Ban Lat,76,เพชรบุรี,Phetchaburi,W,52,745,302411,29.25,419.06,448.31,170106.19,0.2635
07,บ้านแหลม,Ban Laem,76,เพชรบุรี,Phetchaburi,W,0,245,232146,0.0,137.81,137.81,130582.12,0.1055
08,แก่งกระจาน,Kaeng Krachan,76,เพชรบุรี,Phetchaburi,W,352,4401,2960062,198.0,2475.56,2673.56,1665034.88,0.1606
01,เมืองประจวบคีรีขันธ์,Mueang Prachuap Khilikhan,77,ประจวบคีรีขันธ์,Prachuap Khilikhan,W,228,5817,967069,128.25,3272.06,3400.31,543976.31,0.6251
02,กุยบุรี,Kui Buri,77,ประจวบคีรีขันธ์,Prachuap Khilikhan,W,391,3383,990885,219.94,1902.94,2122.88,557372.81,0.3809
03,ทับสะแก,Thap Sakae,77,ประจวบคีรีขันธ์,Prachuap Khilikhan,W,97,1920,623253,54.56,1080.0,1134.56,350579.81,0.3236
04,บางสะพาน,Bang Saphan,77,ประจวบคีรีขันธ์,Prachuap Khilikhan,W,170,1025,858262,95.62,576.56,672.19,482772.38,0.1392
05,บางสะพานน้อย,Bang Saphan Noi,77,ประจวบคีรีขันธ์,Prachuap Khilikhan,W,0,162,792425,0.0,91.12,91.12,445739.06,0.0204
06,ปราณบุรี,Pran Buri,77,ประจวบคีรีขันธ์,Prachuap Khilikhan,W,1198,3231,737154,673.88,1817.44,2491.31,414649.12,0.6008
07,หัวหิน,Hua Hin,77,ประจวบคีรีขันธ์,Prachuap Khilikhan,W,1765,8288,1343677,992.81,4662.0,5654.81,755818.31,0.7482
08,สามร้อยยอด,Sam Roi Yot,77,ประจวบคีรีขันธ์,Prachuap Khilikhan,W,303,2681,1051670,170.44,1508.06,1678.5,591564.38,0.2837
01,เมืองนครศรีธรรมราช,Mueang Nakhon Si Thammarat,80,นครศรีธรรมราช,Nakhon Si Thammarat,S,12,0,632464,6.75,0.0,6.75,355761.0,0.0019
02,พรหมคีรี,Phrom Khili,80,นครศรีธรรมราช,Nakhon Si Thammarat,S,0,0,280965,0.0,0.0,0.0,158042.81,0.0
03,ลานสกา,Lan Saka,80,นครศรีธรรมราช,Nakhon Si Thammarat,S,0,0,392035,0.0,0.0,0.0,220519.69,0.0
04,ฉวาง,Chawang,80,นครศรีธรรมราช,Nakhon Si Thammarat,S,0,0,493221,0.0,0.0,0.0,277436.81,0.0
05,พิปูน,Phipun,80,นครศรีธรรมราช,Nakhon Si Thammarat,S,0,0,561338,0.0,0.0,0.0,315752.62,0.0
06,เชียรใหญ่,Chian Yai,80,นครศรีธรรมราช,Nakhon Si Thammarat,S,230,228,365788,129.38,128.25,257.62,205755.75,0.1252
07,ชะอวด,Cha Uat,80,นครศรีธรรมราช,Nakhon Si Thammarat,S,3494,3147,851870,1965.38,1770.19,3735.56,479176.88,0.7796
08,ท่าศาลา,Tha Sala,80,นครศรีธรรมราช,Nakhon Si Thammarat,S,0,0,475817,0.0,0.0,0.0,267647.06,0.0
09,ทุ่งสง,Thung Song,80,นครศรีธรรมราช,Nakhon Si Thammarat,S,0,0,1044482,0.0,0.0,0.0,587521.12,0.0
10,นาบอน,Nabon,80,นครศรีธรรมราช,Nakhon Si Thammarat,S,0,0,231530,0.0,0.0,0.0,130235.62,0.0
11,ทุ่งใหญ่,Thung Yai,80,นครศรีธรรมราช,Nakhon Si Thammarat,S,0,0,682527,0.0,0.0,0.0,383921.44,0.0
12,ปากพนัง,Pak Phanang,80,นครศรีธรรมราช,Nakhon Si Thammarat,S,679,2019,603092,381.94,1135.69,1517.62,339239.25,0.4474
13,ร่อนพิบูลย์,Ron Phibun,80,นครศรีธรรมราช,Nakhon Si Thammarat,S,0,0,489068,0.0,0.0,0.0,275100.75,0.0
14,สิชล,Si Chon,80,นครศรีธรรมราช,Nakhon Si Thammarat,S,0,0,781478,0.0,0.0,0.0,439581.38,0.0
15,ขนอม,Khanom,80,นครศรีธรรมราช,Nakhon Si Thammarat,S,0,0,355317,0.0,0.0,0.0,199865.81,0.0
16,หัวไทร,Hua Sai,80,นครศรีธรรมราช,Nakhon Si Thammarat,S,129,1246,496083,72.56,700.88,773.44,279046.69,0.2772
17,บางขัน,Bang Khan,80,นครศรีธรรมราช,Nakhon Si Thammarat,S,0,0,532972,0.0,0.0,0.0,299796.75,0.0
18,ถ้ำพรรณรา,Tham Phanra,80,นครศรีธรรมราช,Nakhon Si Thammarat,S,0,0,201798,0.0,0.0,0.0,113511.38,0.0
19,จุฬาภรณ์,Churaphon,80,นครศรีธรรมราช,Nakhon Si Thammarat,S,0,0,261176,0.0,0.0,0.0,146911.5,0.0
20,พระพรหม,Phra Phrom,80,นครศรีธรรมราช,Nakhon Si Thammarat,S,0,0,169559,0.0,0.0,0.0,95376.94,0.0
21,นบพิตำ,Nop Phi Tam,80,นครศรีธรรมราช,Nakhon Si Thammarat,S,0,0,820228,0.0,0.0,0.0,461378.25,0.0
22,ช้างกลาง,Chang Klang,80,นครศรีธรรมราช,Nakhon Si Thammarat,S,0,0,310605,0.0,0.0,0.0,174715.31,0.0
23,เฉลิมพระเกียรติ,Chaloem Phra kiat,80,นครศรีธรรมราช,Nakhon Si Thammarat,S,56,74,206376,31.5,41.62,73.12,116086.5,0.063
01,เมืองกระบี่,Mueang Krabi,81,กระบี่,Krabi,S,0,25,1029369,0.0,14.06,14.06,579020.06,0.0024
02,เขาพนม,Khao Phanom,81,กระบี่,Krabi,S,0,0,965555,0.0,0.0,0.0,543124.69,0.0
03,เกาะลันตา,Ko Lanta,81,กระบี่,Krabi,S,0,43,377470,0.0,24.19,24.19,212326.88,0.0114
04,คลองท่อม,Khlong Thom,81,กระบี่,Krabi,S,0,0,1266683,0.0,0.0,0.0,712509.19,0.0
05,อ่าวลึก,Ao Luk,81,กระบี่,Krabi,S,0,0,894599,0.0,0.0,0.0,503211.94,0.0
06,ปลายพระยา,Plai Phraya,81,กระบี่,Krabi,S,0,0,601976,0.0,0.0,0.0,338611.5,0.0
07,ลำทับ,Lam Thap,81,กระบี่,Krabi,S,0,0,319964,0.0,0.0,0.0,179979.75,0.0
08,เหนือคลอง,Nuea Khlong,81,กระบี่,Krabi,S,0,281,586646,0.0,158.06,158.06,329988.38,0.0479
01,เมืองพังงา,Mueang Phang Nga,82,พังงา,Phang Nga,S,0,0,744488,0.0,0.0,0.0,418774.5,0.0
02,เกาะยาว,Ko Yao,82,พังงา,Phang Nga,S,0,48,1181386,0.0,27.0,27.0,664529.62,0.0041
03,กะปง,Kapong,82,พังงา,Phang Nga,S,0,0,689061,0.0,0.0,0.0,387596.81,0.0
04,ตะกั่วทุ่ง,Ta Kua Thung,82,พังงา,Phang Nga,S,12,248,740974,6.75,139.5,146.25,416797.88,0.0351
05,ตะกั่วป่า,Ta Kua Pa,82,พังงา,Phang Nga,S,97,915,684064,54.56,514.69,569.25,384786.0,0.1479
06,คุระบุรี,Khura Buri,82,พังงา,Phang Nga,S,0,191,1151369,0.0,107.44,107.44,647645.06,0.0166
07,ทับปุด,Thap Put,82,พังงา,Phang Nga,S,0,0,340573,0.0,0.0,0.0,191572.31,0.0
08,ท้ายเหมือง,Thai Muang,82,พังงา,Phang Nga,S,47,219,711646,26.44,123.19,149.62,400300.88,0.0374
01,เมืองภูเก็ต,Mueang Phuket,83,ภูเก็ต,Phuket,S,28,73,205903,15.75,41.06,56.81,115820.44,0.0491
02,กะทู้,Krathu,83,ภูเก็ต,Phuket,S,0,0,90462,0.0,0.0,0.0,50884.88,0.0
03,ถลาง,Tha Lang,83,ภูเก็ต,Phuket,S,45,468,329491,25.31,263.25,288.56,185338.69,0.1557
01,เมืองสุราษฎร์ธานี,Mueang Surat Thani,84,สุราษฎร์ธานี,Surat Thani,S,0,0,381753,0.0,0.0,0.0,214736.06,0.0
02,กาญจนดิษฐ์,Kanchanadit,84,สุราษฎร์ธานี,Surat Thani,S,0,0,1222699,0.0,0.0,0.0,687768.19,0.0
03,ดอนสัก,Donsak,84,สุราษฎร์ธานี,Surat Thani,S,12,11,415000,6.75,6.19,12.94,233437.5,0.0055
04,เกาะสมุย,Ko Samui,84,สุราษฎร์ธานี,Surat Thani,S,0,0,318245,0.0,0.0,0.0,179012.81,0.0
05,เกาะพะงัน,Ko Phangan,84,สุราษฎร์ธานี,Surat Thani,S,0,0,162517,0.0,0.0,0.0,91415.81,0.0
06,ไชยา,Chaiya,84,สุราษฎร์ธานี,Surat Thani,S,9,193,752072,5.06,108.56,113.62,423040.5,0.0269
07,ท่าชนะ,Tha Chana,84,สุราษฎร์ธานี,Surat Thani,S,0,93,1144123,0.0,52.31,52.31,643569.19,0.0081
08,คีรีรัฐนิคม,Khiri Rat Nikhom,84,สุราษฎร์ธานี,Surat Thani,S,0,0,868263,0.0,0.0,0.0,488397.94,0.0
09,บ้านตาขุน,Ban Takhun,84,สุราษฎร์ธานี,Surat Thani,S,0,0,1654359,0.0,0.0,0.0,930576.94,0.0
10,พนม,Phanom,84,สุราษฎร์ธานี,Surat Thani,S,0,0,1384509,0.0,0.0,0.0,778786.31,0.0
11,ท่าฉาง,Tha Chang,84,สุราษฎร์ธานี,Surat Thani,S,0,0,1242573,0.0,0.0,0.0,698947.31,0.0
12,บ้านนาสาร,Banna San,84,สุราษฎร์ธานี,Surat Thani,S,60,0,873658,33.75,0.0,33.75,491432.62,0.0069
13,บ้านนาเดิม,Banna Doem,84,สุราษฎร์ธานี,Surat Thani,S,10,0,212787,5.62,0.0,5.62,119692.69,0.0047
14,เคียนซา,Khian Sa,84,สุราษฎร์ธานี,Surat Thani,S,0,0,855356,0.0,0.0,0.0,481137.75,0.0
15,เวียงสระ,Wiang Sra,84,สุราษฎร์ธานี,Surat Thani,S,11,0,438238,6.19,0.0,6.19,246508.88,0.0025
16,พระแสง,Pha Saeng,84,สุราษฎร์ธานี,Surat Thani,S,0,0,806882,0.0,0.0,0.0,453871.12,0.0
17,พุนพิน,Phun Phin,84,สุราษฎร์ธานี,Surat Thani,S,40,10,1085056,22.5,5.62,28.12,610344.0,0.0046
18,ชัยบุรี,Chai Buri,84,สุราษฎร์ธานี,Surat Thani,S,0,0,529808,0.0,0.0,0.0,298017.0,0.0
19,วิภาวดี,Wiphawadi,84,สุราษฎร์ธานี,Surat Thani,S,0,0,565562,0.0,0.0,0.0,318128.62,0.0
01,เมืองระนอง,Mueang Ranong,85,ระนอง,Ranong,S,0,135,853647,0.0,75.94,75.94,480176.44,0.0158
02,ละอุ่น,La Un,85,ระนอง,Ranong,S,0,0,632860,0.0,0.0,0.0,355983.75,0.0
03,กะเปอร์,Kapoe,85,ระนอง,Ranong,S,0,0,591941,0.0,0.0,0.0,332966.81,0.0
04,กระบุรี,Kra Buri,85,ระนอง,Ranong,S,0,32,1093427,0.0,18.0,18.0,615052.69,0.0029
05,สุขสำราญ,Suk Samran,85,ระนอง,Ranong,S,0,61,519368,0.0,34.31,34.31,292144.5,0.0117
01,เมืองชุมพร,Mueang Chumphon,86,ชุมพร,Chumphon,S,31,10,911629,17.44,5.62,23.06,512791.31,0.0045
02,ท่าแซะ,Tha Sae,86,ชุมพร,Chumphon,S,0,0,1688456,0.0,0.0,0.0,949756.5,0.0
03,ปะทิว,Pathiu,86,ชุมพร,Chumphon,S,0,86,872588,0.0,48.38,48.38,490830.75,0.0099
04,หลังสวน,Lang Suan,86,ชุมพร,Chumphon,S,0,0,670496,0.0,0.0,0.0,377154.0,0.0
05,ละแม,Lamae,86,ชุมพร,Chumphon,S,0,0,420695,0.0,0.0,0.0,236640.94,0.0
06,พะโต๊ะ,Phato,86,ชุมพร,Chumphon,S,0,0,999538,0.0,0.0,0.0,562240.12,0.0
07,สวี,Sawi,86,ชุมพร,Chumphon,S,0,0,957216,0.0,0.0,0.0,538434.0,0.0
08,ทุ่งตะโก,Thung Tako,86,ชุมพร,Chumphon,S,0,0,331439,0.0,0.0,0.0,186434.44,0.0
01,เมืองสงขลา,Mueang Songkhla,90,สงขลา,Songkhla,S,57,13,232140,32.06,7.31,39.38,130578.75,0.0302
02,สทิงพระ,Sathing Phra,90,สงขลา,Songkhla,S,0,0,226034,0.0,0.0,0.0,127144.12,0.0
03,จะนะ,Chana,90,สงขลา,Songkhla,S,167,194,712620,93.94,109.12,203.06,400848.75,0.0507
04,นาทวี,Na Thawi,90,สงขลา,Songkhla,S,0,0,879580,0.0,0.0,0.0,494763.75,0.0
05,เทพา,Thepha,90,สงขลา,Songkhla,S,22,58,749112,12.38,32.62,45.0,421375.5,0.0107
06,สะบ้าย้อย,Sabayoi,90,สงขลา,Songkhla,S,0,0,1067875,0.0,0.0,0.0,600679.69,0.0
07,ระโนด,Ranot,90,สงขลา,Songkhla,S,77,46,500981,43.31,25.88,69.19,281801.81,0.0246
08,กระแสสินธุ์,Krasaesin,90,สงขลา,Songkhla,S,22,0,349862,12.38,0.0,12.38,196797.38,0.0063
09,รัตภูมิ,Rattaphum,90,สงขลา,Songkhla,S,0,0,751853,0.0,0.0,0.0,422917.31,0.0
10,สะเดา,Sadao,90,สงขลา,Songkhla,S,0,37,1169069,0.0,20.81,20.81,657601.31,0.0032
11,หาดใหญ่,Hat Yai,90,สงขลา,Songkhla,S,18,0,898200,10.12,0.0,10.12,505237.5,0.002
12,นาหม่อม,Na Mom,90,สงขลา,Songkhla,S,0,0,161005,0.0,0.0,0.0,90565.31,0.0
13,ควนเนียง,Khuan Niang,90,สงขลา,Songkhla,S,0,0,281398,0.0,0.0,0.0,158286.38,0.0
14,บางกล่ำ,Bang Klam,90,สงขลา,Songkhla,S,13,0,164941,7.31,0.0,7.31,92779.31,0.0079
15,สิงหนคร,Singha Nakhon,90,สงขลา,Songkhla,S,12,0,274817,6.75,0.0,6.75,154584.56,0.0044
16,คลองหอยโข่ง,Khlong Hoi Khog,90,สงขลา,Songkhla,S,0,0,343250,0.0,0.0,0.0,193078.12,0.0
01,เมืองสตูล,Mueang Satun,91,สตูล,Satun,S,496,377,1107803,279.0,212.06,491.06,623139.19,0.0788
02,ควนโดน,Khuandon,91,สตูล,Satun,S,10,0,250444,5.62,0.0,5.62,140874.75,0.004
03,ควนกาหลง,Khuan Kalong,91,สตูล,Satun,S,0,0,602070,0.0,0.0,0.0,338664.38,0.0
04,ท่าแพ,Tha Phae,91,สตูล,Satun,S,77,0,254901,43.31,0.0,43.31,143381.81,0.0302
05,ละงู,Langu,91,สตูล,Satun,S,274,277,449866,154.12,155.81,309.94,253049.62,0.1225
06,ทุ่งหว้า,Thung Wa,91,สตูล,Satun,S,0,16,522759,0.0,9.0,9.0,294051.94,0.0031
07,มะนัง,Manang,91,สตูล,Satun,S,0,0,238697,0.0,0.0,0.0,134267.06,0.0
01,เมืองตรัง,Mueang Trang,92,ตรัง,Trang,S,247,833,499830,138.94,468.56,607.5,281154.38,0.2161
02,กันตัง,Kantang,92,ตรัง,Trang,S,0,42,739686,0.0,23.62,23.62,416073.38,0.0057
03,ย่านตาขาว,Yan Takhao,92,ตรัง,Trang,S,12,46,503291,6.75,25.88,32.62,283101.19,0.0115
04,ปะเหลียน,Pa Lian,92,ตรัง,Trang,S,0,70,938628,0.0,39.38,39.38,527978.25,0.0075
05,สิเกา,Si Kao,92,ตรัง,Trang,S,0,0,525957,0.0,0.0,0.0,295850.81,0.0
06,ห้วยยอด,Huai Yot,92,ตรัง,Trang,S,0,0,875458,0.0,0.0,0.0,492445.12,0.0
07,วังวิเศษ,Wang Wiset,92,ตรัง,Trang,S,0,0,569430,0.0,0.0,0.0,320304.38,0.0
08,นาโยง,Nayong,92,ตรัง,Trang,S,128,33,279540,72.0,18.56,90.56,157241.25,0.0576
09,รัษฎา,Ratta,92,ตรัง,Trang,S,9,10,247083,5.06,5.62,10.69,138984.19,0.0077
10,หาดสำราญ,Hat Samran,92,ตรัง,Trang,S,0,0,192548,0.0,0.0,0.0,108308.25,0.0
01,เมืองพัทลุง,Mueang Phatthalung,93,พัทลุง,Phatthalung,S,821,188,549414,461.81,105.75,567.56,309045.38,0.1837
02,กงหรา,Kong Ra,93,พัทลุง,Phatthalung,S,182,0,340486,102.38,0.0,102.38,191523.38,0.0535
03,เขาชัยสน,Khao Chai Son,93,พัทลุง,Phatthalung,S,292,0,381038,164.25,0.0,164.25,214333.88,0.0766
04,ตะโหมด,Ta Mot,93,พัทลุง,Phatthalung,S,0,0,319224,0.0,0.0,0.0,179563.5,0.0
05,ควนขนุน,Khuan Khanun,93,พัทลุง,Phatthalung,S,2855,3419,612999,1605.94,1923.19,3529.12,344811.94,1.0235
06,ปากพะยูน,Pak Phayun,93,พัทลุง,Phatthalung,S,0,0,546861,0.0,0.0,0.0,307609.31,0.0
07,ศรีบรรพต,Si Ban Phot,93,พัทลุง,Phatthalung,S,0,0,273094,0.0,0.0,0.0,153615.38,0.0
08,ป่าบอน,Pa Bon,93,พัทลุง,Phatthalung,S,0,0,552201,0.0,0.0,0.0,310613.06,0.0
09,บางแก้ว,Bang Kaeo,93,พัทลุง,Phatthalung,S,16,0,176182,9.0,0.0,9.0,99102.38,0.0091
10,ป่าพะยอม,Pa Phayom,93,พัทลุง,Phatthalung,S,0,9,343073,0.0,5.06,5.06,192978.56,0.0026
11,ศรีนครินทร์,Si Nakharin,93,พัทลุง,Phatthalung,S,0,0,286524,0.0,0.0,0.0,161169.75,0.0
01,เมืองปัตตานี,Mueang Pattani,94,ปัตตานี,Pattani,S,103,45,107128,57.94,25.31,83.25,60259.5,0.1382
02,โคกโพธิ์,Khok Pho,94,ปัตตานี,Pattani,S,0,12,341824,0.0,6.75,6.75,192276.0,0.0035
03,หนองจิก,Nong Chik,94,ปัตตานี,Pattani,S,221,42,269223,124.31,23.62,147.94,151437.94,0.0977
04,ปะนาเระ,Panare,94,ปัตตานี,Pattani,S,166,500,163071,93.38,281.25,374.62,91727.44,0.4084
05,มายอ,Mayo,94,ปัตตานี,Pattani,S,549,4620,228932,308.81,2598.75,2907.56,128774.25,2.2579
06,ทุ่งยางแดง,Thung Yang Daeng,94,ปัตตานี,Pattani,S,83,1352,157895,46.69,760.5,807.19,88815.94,0.9088
07,สายบุรี,Sai Buri,94,ปัตตานี,Pattani,S,553,305,231026,311.06,171.56,482.62,129952.12,0.3714
08,ไม้แก่น,Mai Kaen,94,ปัตตานี,Pattani,S,133,160,65901,74.81,90.0,164.81,37069.31,0.4446
09,ยะหริ่ง,Ya Ring,94,ปัตตานี,Pattani,S,525,1700,245724,295.31,956.25,1251.56,138219.75,0.9055
10,ยะรัง,Ya Rang,94,ปัตตานี,Pattani,S,884,1839,247989,497.25,1034.44,1531.69,139493.81,1.098
11,กะพ้อ,Ka Po,94,ปัตตานี,Pattani,S,0,27,93982,0.0,15.19,15.19,52864.88,0.0287
12,แม่ลาน,Mae Lan,94,ปัตตานี,Pattani,S,9,9,88970,5.06,5.06,10.12,50045.62,0.0202
01,เมืองยะลา,Mueang Yala,95,ยะลา,Yala,S,225,421,362027,126.56,236.81,363.38,203640.19,0.1784
02,เบตง,Be Tong,95,ยะลา,Yala,S,0,0,1487517,0.0,0.0,0.0,836728.31,0.0
03,บันนังสตา,Ban Nang Sata,95,ยะลา,Yala,S,0,0,654393,0.0,0.0,0.0,368096.06,0.0
04,ธารโต,Thran To,95,ยะลา,Yala,S,0,0,761382,0.0,0.0,0.0,428277.38,0.0
05,ยะหา,Yaha,95,ยะลา,Yala,S,0,11,531559,0.0,6.19,6.19,299001.94,0.0021
06,รามัน,Raman,95,ยะลา,Yala,S,168,3587,547997,94.5,2017.69,2112.19,308248.31,0.6852
07,กาบัง,Ka Bang,95,ยะลา,Yala,S,0,0,502364,0.0,0.0,0.0,282579.75,0.0
08,กรงปินัง,Krong Pi Nang,95,ยะลา,Yala,S,0,0,208340,0.0,0.0,0.0,117191.25,0.0
01,เมืองนราธิวาส,Mueang Narathiwat,96,นราธิวาส,Narathiwat,S,0,0,356247,0.0,0.0,0.0,200388.94,0.0
02,ตากใบ,Tak Bai,96,นราธิวาส,Narathiwat,S,0,0,315951,0.0,0.0,0.0,177722.44,0.0
03,บาเจาะ,Ba Cho,96,นราธิวาส,Narathiwat,S,259,491,207170,145.69,276.19,421.88,116533.12,0.362
04,ยี่งอ,Yi Ngo,96,นราธิวาส,Narathiwat,S,0,75,209937,0.0,42.19,42.19,118089.56,0.0357
05,ระแงะ,Ra Ngae,96,นราธิวาส,Narathiwat,S,39,0,497625,21.94,0.0,21.94,279914.06,0.0078
06,รือเสาะ,Ruso,96,นราธิวาส,Narathiwat,S,0,0,537458,0.0,0.0,0.0,302320.12,0.0
07,ศรีสาคร,Si Sakhon,96,นราธิวาส,Narathiwat,S,0,0,590657,0.0,0.0,0.0,332244.56,0.0
08,แว้ง,Waeng,96,นราธิวาส,Narathiwat,S,0,0,319039,0.0,0.0,0.0,179459.44,0.0
09,สุคิริน,Sukhirin,96,นราธิวาส,Narathiwat,S,0,0,582205,0.0,0.0,0.0,327490.31,0.0
10,สุไหงโก-ลก,Su Ngai Kolok,96,นราธิวาส,Narathiwat,S,0,0,154784,0.0,0.0,0.0,87066.0,0.0
11,สุไหงปาดี,Su Nghai Padi,96,นราธิวาส,Narathiwat,S,0,0,431444,0.0,0.0,0.0,242687.25,0.0
12,จะแนะ,Chanae,96,นราธิวาส,Narathiwat,S,0,0,650940,0.0,0.0,0.0,366153.75,0.0
13,เจาะไอร้อง,Chao Ai Rong,96,นราธิวาส,Narathiwat,S,0,0,219583,0.0,0.0,0.0,123515.44,0.0
07,แม่ริม,Mae Rim,50,เชียงใหม่,Chiang Mai,N,74,1855,544472,41.62,1043.44,1085.06,306265.5,0.3543
