PROV_CODE,PROV_NAM_T,PROV_NAM_E,Region,px_type1,px_type2,px_total,area_rai_1,area_rai_2,area_rai_aban,area_rai_tot,pct_aban
10,กรุงเทพมหานคร,Bangkok,C,809,9494,1832792,455.06,5340.38,5795.44,1030945.5,0.5621
11,สมุทรปราการ,Samut Prakarn,C,3301,9741,1101144,1856.81,5479.31,7336.12,619393.5,1.1844
12,นนทบุรี,Nonthaburi,C,393,564,741551,221.06,317.25,538.31,417122.44,0.1291
13,ปทุมธานี,Pathum Thani,C,1585,18212,1759392,891.56,10244.25,11135.81,989658.0,1.1252
14,พระนครศรีอยุธยา,Phra Nakhon Si Ayudhya,C,25887,26603,2961754,14561.44,14964.19,29525.62,1665986.62,1.7723
15,อ่างทอง,Ang Thong,C,5758,3747,1107534,3238.88,2107.69,5346.56,622987.88,0.8582
16,ลพบุรี,Lopburi,C,8857,9569,7548791,4982.06,5382.56,10364.62,4246194.94,0.2441
17,สิงห์บุรี,Singburi,C,535,538,953556,300.94,302.62,603.56,536375.25,0.1125
18,ชัยนาท,Chainat,C,1788,3995,2919696,1005.75,2247.19,3252.94,1642329.0,0.1981
19,สระบุรี,Saraburi,C,7430,23184,4066798,4179.38,13041.0,17220.38,2287573.88,0.7528
20,ชลบุรี,Chonburi,E,6214,8623,5174902,3495.38,4850.44,8345.81,2910882.38,0.2867
21,ระยอง,Rayong,E,1780,3216,4248538,1001.25,1809.0,2810.25,2389802.62,0.1176
22,จันทบุรี,Chanthaburi,E,11316,8931,7375723,6365.25,5023.69,11388.94,4148844.19,0.2745
23,ตราด,Trat,E,568,6089,3293018,319.5,3425.06,3744.56,1852322.62,0.2022
24,ฉะเชิงเทรา,Chachoengsao,E,2815,7853,5966329,1583.44,4417.31,6000.75,3356060.06,0.1788
25,ปราจีนบุรี,Prachinburi,E,5917,22725,5807495,3328.31,12782.81,16111.12,3266715.94,0.4932
26,นครนายก,Nakhon Nayok,C,12053,44933,2479891,6779.81,25274.81,32054.62,1394938.69,2.2979
27,สระแก้ว,Srakaeo,E,5439,7976,7875366,3059.44,4486.5,7545.94,4429893.38,0.1703
30,นครราชสีมา,Nakhon Ratchasima,NE,4941,29700,48075104,2779.31,16706.25,19485.56,27042246.0,0.0721
31,บุรีรัมย์,Burirum,NE,1116,15898,23336560,627.75,8942.62,9570.38,13126815.0,0.0729
32,สุรินทร์,Surin,NE,595,6173,20462466,334.69,3472.31,3807.0,11510137.12,0.0331
33,ศรีสะเกษ,Sisaket,NE,684,7502,20614272,384.75,4219.88,4604.62,11595528.0,0.0397
34,อุบลราชธานี,Ubon Ratchathani,NE,1303,14153,35989916,732.94,7961.06,8694.0,20244327.75,0.0429
35,ยโสธร,Yasothon,NE,391,16748,9583220,219.94,9420.75,9640.69,5390561.25,0.1788
36,ชัยภูมิ,Chaiyaphum,NE,2812,13357,29597894,1581.75,7513.31,9095.06,16648815.38,0.0546
37,อำนาจเจริญ,Amnaj Charoen,NE,125,4862,7615078,70.31,2734.88,2805.19,4283481.38,0.0655
38,บึงกาฬ,Bung Kan,NE,2271,15771,9416656,1277.44,8871.19,10148.62,5296869.0,0.1916
39,หนองบัวลำภู,Nong Bua Lamphu,NE,663,851,9607052,372.94,478.69,851.62,5403966.75,0.0158
40,ขอนแก่น,Khon Kaen,NE,1134,12472,24893294,637.88,7015.5,7653.38,14002477.88,0.0547
41,อุดรธานี,Udon Thani,NE,1491,9125,25960702,838.69,5132.81,5971.5,14602894.88,0.0409
42,เลย,Loei,NE,5779,29574,24656968,3250.69,16635.38,19886.06,13869544.5,0.1434
43,หนองคาย,Nong Khai,NE,2747,10833,7715638,1545.19,6093.56,7638.75,4340046.38,0.176
44,มหาสารคาม,Mahasarakham,NE,628,3524,13048248,353.25,1982.25,2335.5,7339639.5,0.0318
45,ร้อยเอ็ด,Roi Et,NE,586,20204,18289780,329.62,11364.75,11694.38,10288001.25,0.1137
46,กาฬสินธุ์,Kalasin,NE,739,4023,16180420,415.69,2262.94,2678.62,9101486.25,0.0294
47,สกลนคร,Sakon Nakhon,NE,2877,17450,22413806,1618.31,9815.62,11433.94,12607765.88,0.0907
48,นครพนม,Nakhon Phanom,NE,961,10171,13175528,540.56,5721.19,6261.75,7411234.5,0.0845
49,มุกดาหาร,Mukdahan,NE,458,5410,9588744,257.62,3043.12,3300.75,5393668.5,0.0612
50,เชียงใหม่,Chiang Mai,N,4754,46442,26437820,2674.12,26123.62,28797.75,14871273.75,0.1936
51,ลำพูน,Lamphun,N,3365,12313,5292019,1892.81,6926.06,8818.88,2976760.69,0.2963
52,ลำปาง,Lampang,N,690,5951,14756839,388.12,3347.44,3735.56,8300721.94,0.045
53,อุตรดิตถ์,Uttaradit,N,737,7444,9310930,414.56,4187.25,4601.81,5237398.12,0.0879
54,แพร่,Phrae,N,40,4991,7656397,22.5,2807.44,2829.94,4306723.31,0.0657
55,น่าน,Nan,N,510,15280,14367822,286.88,8595.0,8881.88,8081899.88,0.1099
56,พะเยา,Phayao,N,1206,3657,7354864,678.38,2057.06,2735.44,4137111.0,0.0661
57,เชียงราย,Chiangrai,N,6237,15561,13726112,3508.31,8753.06,12261.38,7720938.0,0.1588
58,แม่ฮ่องสอน,Mae Hong Son,N,148,2513,15113702,83.25,1413.56,1496.81,8501457.38,0.0176
60,นครสวรรค์,Nakhon Sawan,C,7620,18308,11107443,4286.25,10298.25,14584.5,6247936.69,0.2334
61,อุทัยธานี,Uthai Thani,C,2759,10532,7736950,1551.94,5924.25,7476.19,4352034.38,0.1718
62,กำแพงเพชร,Kampaeng Phet,C,4321,10570,9959429,2430.56,5945.62,8376.19,5602178.81,0.1495
63,ตาก,Tak,W,3050,15265,20053284,1715.62,8586.56,10302.19,11279972.25,0.0913
64,สุโขทัย,Sukhothai,C,3082,9653,7839562,1733.62,5429.81,7163.44,4409753.62,0.1624
65,พิษณุโลก,Phitsanu Lok,C,11375,35677,12412831,6398.44,20068.31,26466.75,6982217.44,0.3791
66,พิจิตร,Phichit,C,2458,5030,5058044,1382.62,2829.38,4212.0,2845149.75,0.148
67,เพชรบูรณ์,Phetchabun,C,19484,61084,14407577,10959.75,34359.75,45319.5,8104262.06,0.5592
70,ราชบุรี,Ratchaburi,W,12573,15325,5996718,7072.31,8620.31,15692.62,3373153.88,0.4652
71,กาญจนบุรี,Kanchanaburi,W,7625,14397,22465487,4289.06,8098.31,12387.38,12636836.44,0.098
72,สุพรรณบุรี,Suphan Buri,C,2460,2954,6281742,1383.75,1661.62,3045.38,3533479.88,0.0862
73,นครปฐม,Nakhon Prathom,C,2297,6895,2483208,1292.06,3878.44,5170.5,1396804.5,0.3702
74,สมุทรสาคร,Samut Sakhon,C,191,1147,1002400,107.44,645.19,752.62,563850.0,0.1335
75,สมุทรสงคราม,Samut Songkham,C,24,267,480049,13.5,150.19,163.69,270027.56,0.0606
76,เพชรบุรี,Phetchaburi,W,4024,26060,7112377,2263.5,14658.75,16922.25,4000712.06,0.423
77,ประจวบคีรีขันธ์,Prachuap Khilikhan,W,4152,26507,7364395,2335.5,14910.19,17245.69,4142472.19,0.4163
80,นครศรีธรรมราช,Nakhon Si Thammarat,S,4600,6714,11239789,2587.5,3776.62,6364.12,6322381.31,0.1007
81,กระบี่,Krabi,S,0,349,6042262,0.0,196.31,196.31,3398772.38,0.0058
82,พังงา,Phang Nga,S,156,1621,6243561,87.75,911.81,999.56,3512003.06,0.0285
83,ภูเก็ต,Phuket,S,73,541,625856,41.06,304.31,345.38,352044.0,0.0981
84,สุราษฎร์ธานี,Surat Thani,S,142,307,14913460,79.88,172.69,252.56,8388821.25,0.003
85,ระนอง,Ranong,S,0,228,3691243,0.0,128.25,128.25,2076324.19,0.0062
86,ชุมพร,Chumphon,S,31,96,6852057,17.44,54.0,71.44,3854282.06,0.0019
90,สงขลา,Songkhla,S,388,348,8762737,218.25,195.75,414.0,4929039.56,0.0084
91,สตูล,Satun,S,857,670,3426540,482.06,376.88,858.94,1927428.75,0.0446
92,ตรัง,Trang,S,396,1034,5371451,222.75,581.62,804.38,3021441.19,0.0266
93,พัทลุง,Phatthalung,S,4166,3616,4381096,2343.38,2034.0,4377.38,2464366.5,0.1776
94,ปัตตานี,Pattani,S,3226,10611,2241665,1814.62,5968.69,7783.31,1260936.56,0.6173
95,ยะลา,Yala,S,393,4019,5055579,221.06,2260.69,2481.75,2843763.19,0.0873
96,นราธิวาส,Narathiwat,S,298,566,5073040,167.62,318.38,486.0,2853585.0,0.017
